id,name,club,countryName
-10231,Spvg Solingen-Wald 03,Solingen,Germany
-10198,GSV 1895 Under  15,GSV 1895 U15,Germany
-9631,SC Borgfeld Under 19,SC Borgfeld U19,Germany
-9163,1. FC Markkleeberg,Markkleeberg,Germany
-9078,SV Voran Brögbern III,Voran Brögbern III,Germany
-9077,ASV Altenlingen III,Altenlingen III,Germany
-9022,Tennis Borussia Berlin U19,Tennis Borussia U19,Germany
-9021,Offenburger FV Under 19,Offenburger FV U19,Germany
-9020,SG 99 Andernach Under 19,Andernach U19,Germany
-9019,TuS Komet Arsten Under 19,Komet Arsten U19,Germany
-8943,FC Forstern,Forstern,Germany
-8942,Hannoverscher Sportverein 1896,Hannover 96,Germany
-8940,TUS Schwachhausen,Schwachhausen,Germany
-8906,Hertha BSC Under 23,Hertha BSC Under 23,Germany
-8905,FC Bayern München Under 23,Bayern München U23,Germany
-8904,VfL Wolfsburg Under 23,VfL Wolfsburg U23,Germany
-8885,SV Rödinghausen Under 19,SV Rödinghausen U19,Germany
-8878,V Wehen Wiesbaden Under 17,Wehen Wiesbaden U17,Germany
-8877,FC Ingolstadt Under 17,FC Ingolstadt U17,Germany
-8876,SC Borgfeld U17,SC Borgfeld U17,Germany
-8875,Chemnitzer FC U17,Chemnitzer FC U17,Germany
-8833,SC Olching,Olching,Germany
-8822,SV Hohenlimburg 1910,SV Hohenlimburg 1910,Germany
-8819,Vohwinkel Wuppertal,Vohwinkel Wuppertal,Germany
-8818,SG Lenglern,SG Lenglern,Germany
-8817,Bovender SV,Bovender SV,Germany
-8776,Budelsdorfer TSV,Budelsdorfer TSV,Germany
-8775,TSV 1877 Ebersberg,TSV 1877 Ebersberg,Germany
-8751,Germany Under 16,Germany U16,Germany
-8748,Rhein-Nahe-Auswahl,Rhein-Nahe-Auswahl,Germany
-8742,Sv 07 Nauheim,Sv 07 Nauheim,Germany
-8741,TV Bad Grönenbach,Bad Grönenbach,Germany
-8708,SE Freising,SE Freising,Germany
-8110,VFB Günnigfeld,VFB Günnigfeld,Germany
-8018,Hamburger SV U16 II,Hamburger SV U16 II,Germany
-7515,SV Schwarz-Gelb Bernburg,SV Schwarz-Gelb Bernburg,Germany
-7369,1. FC Heidenheim Under 17,1. FC Heidenheim U17,Germany
-7368,SG Unterrath U17,SG Unterrath U17,Germany
-7367,Alemannia Aachen U17,Alemannia Aachen U17,Germany
-7366,Eimsbütteler TV U17,Eimsbütteler TV U17,Germany
-7297,FSV Luckenwalde,FSV Luckenwalde,Germany
-7282,SV Blau-Weiß 50 Baabe,SV Blau-Weiß 50 Baabe,Germany
-7248,SV Stahl Thale,SV Stahl Thale,Germany
-7163,SV Schott Jena U19,SV Schott Jena U19,Germany
-6770,Union Gampern,Union Gampern,Germany
-6769,USC Attergau,USC Attergau,Germany
-6768,SV Wackersberg-Arzbach,SV Wackersberg-Arzbach,Germany
-6767,SC Reichersbeuern,SC Reichersbeuern,Germany
-6686,Kickers Offenbach U17,Kickers Offenbach U17,Germany
-6685,SV Sandhausen U17,SV Sandhausen U17,Germany
-6684,Niendorfer TSV Under U17,Niendorfer TSV U17,Germany
-6683,FC Hansa Rostock U17,Hansa Rostock U17,Germany
-6682,Hombrucher SV U17,Hombrucher SV U17,Germany
-6681,1. FC Mönchengladbach Under 17,1. FC M'gladbach U17,Germany
-6611,TV Welle Under 18,TV Welle U18,Germany
-6602,Concordia Eschersheim Under 18,Concordia Eschersheim U18,Germany
-6599,Frisia 03 SV Under 18,Frisia 03 SV U18,Germany
-6582,BSV Kickers Emden Under 18,BSV Kickers Emden U18,Germany
-6579,VFL Westercelle Under 18,VFL Westercelle U18,Germany
-6563,JVF Hanse Lübeck Under 18,JVF Hanse Lübeck U18,Germany
-6556,SG Heusenstamm Zrinski,SG Heusenstamm Zrinski,Germany
-6555,DJK Kahl,DJK Kahl,Germany
-6506,FSV 90 Altentreptow,FSV 90 Altentreptow,Germany
-6491,ESV Neuaubing Sports United,ESV Neuaubing Sports United,Germany
-6488,SV Rot-Weiß Trinwillershagen,SV Rot-Weiß Trinwillershagen,Germany
-5188,SV Elversberg U17,SV Elversberg U17,Germany
-5187,SV Stuttgarter Kickers Under 17,Stuttgarter Kickers U17,Germany
-5186,FC Augsburg U17,FC Augsburg U17,Germany
-5185,FC Hennef 05 U17,FC Hennef 05 U17,Germany
-5184,Sportfreunde Siegen U17,Sportfreunde Siegen U17,Germany
-5183,SC Rot-Weiß Oberhausen Under 17,Rot-Weiß Oberhausen U17,Germany
-5182,SG Dynamo Dresden U17,Dynamo Dresden U17,Germany
-5181,FC Union Berlin U17,FC Union Berlin U17,Germany
-5180,VfL Osnabrück U17,VfL Osnabrück U17,Germany
-4858,SV Lützel,SV Lützel,Germany
-4806,1. FC Union Berlin U16,Union Berlin U16,Germany
-4803,TuS Ergenzingen,TuS Ergenzingen,Germany
-4459,TSG 1899 Hoffenheim U20,Hoffenheim U20,Germany
-4276,1. FC Saarbrücken U17,1. FC Saarbrücken U17,Germany
-4275,SSV Ulm 1846 U17,SSV Ulm 1846 U17,Germany
-4274,SpVgg Unterhaching U17,SpVgg Unterhaching U17,Germany
-4273,1. FC Nürnberg U17,1. FC Nürnberg U17,Germany
-4272,1. FSV Mainz 05 U17,1. FSV Mainz 05 U17,Germany
-4270,TSV 1860 München U17,TSV 1860 München U17,Germany
-4269,1. FC Kaiserslautern U17,Kaiserslautern U17,Germany
-4268,SpVgg Greuther Fürth U17,SpVgg Greuther Fürth U17,Germany
-4267,Karlsruher SC U17,Karlsruher SC U17,Germany
-4266,VfB Stuttgart U17,VfB Stuttgart U17,Germany
-4265,TSG 1899 Hoffenheim U17,TSG 1899 Hoffenheim U17,Germany
-4264,FC Viktoria Köln U17,FC Viktoria Köln U17,Germany
-4263,Euskirchener TSC U17,Euskirchener TSC U17,Germany
-4262,VfL Borussia Mönchengladbach U17,VfL Borussia Mönchengladbach U17,Germany
-4261,Rot-Weiss Essen U17,Rot-Weiss Essen U17,Germany
-4260,SC Paderborn 07 U17,SC Paderborn 07 U17,Germany
-4259,SC Preußen Münster U17,SC Preußen Münster U17,Germany
-4258,MSV Duisburg U17,MSV Duisburg U17,Germany
-4257,Fortuna Düsseldorf Under 17,Fortuna Düsseldorf U17,Germany
-4256,VfL Bochum U17,VfL Bochum U17,Germany
-4255,DSC Arminia Bielefeld U17,DSC Arminia Bielefeld U17,Germany
-4254,Bayer 04 Leverkusen U17,Bayer 04 Leverkusen U17,Germany
-4253,1. FC Köln U17,1. FC Köln U17,Germany
-4252,BV Borussia Dortmund 09 Under 17,BV Borussia Dortmund 09 U17,Germany
-4251,Wandsbeker TSV Concordia U17,Wandsbeker TSV Concordia U17,Germany
-4250,SV Werder Bremen U17,SV Werder Bremen U17,Germany
-4249,FC St. Pauli U17,FC St. Pauli U17,Germany
-4248,Eintracht Braunschweig U17,Eintracht Braunschweig U17,Germany
-4247,Hertha BSC Berlin U17,Hertha BSC Berlin U17,Germany
-4246,Hannover 96 U17,Hannover 96 U17,Germany
-4245,RB Leipzig U17,RB Leipzig U17,Germany
-4244,FC Carl Zeiss Jena U17,FC Carl Zeiss Jena U17,Germany
-4243,Tennis Borussia Berlin U17,Tennis Borussia Berlin U17,Germany
-4242,1. FC Magdeburg U17,1. FC Magdeburg U17,Germany
-4241,FC Energie Cottbus U17,FC Energie Cottbus U17,Germany
-4240,Hamburger SV U17,Hamburger SV U17,Germany
-4239,Holstein Kiel U17,Holstein Kiel U17,Germany
-4215,VfL Wolfsburg U17,VfL Wolfsburg U17,Germany
-4147,Württemberg Amateur,Württemberg Amateur,Germany
-4145,Herforder SV Women,Herforder SV Women,Germany
-2676,Hamburger SV U23,Hamburger U23,Germany
-2624,Eintracht Frankfurt U16,Eintracht Frankfurt U16,Germany
-2198,Hertha BSC Berlin U14,Hertha BSC Berlin U14,Germany
-2173,Borussia Dortmund U15,Borussia Dortmund U15,Germany
-2146,Paulaner Traumelf,Paulaner Traumelf,Germany
-1913,FC Bayern München U17,FC Bayern München U17,Germany
-1480,Wehen U19,Wehen U19,Germany
-1479,SC Freiburg U17,SC Freiburg U17,Germany
-402,TuS 1906 Heeslingen,TuS 1906 Heeslingen,Germany
-401,TSV Germania Windeck,TSV Germania Windeck,Germany
-400,SV Wilhelmshaven,SV Wilhelmshaven,Germany
-397,Schwarz-Weiss Essen,Schwarz-Weiss Essen,Germany
-396,FC Schalke 04 U17,FC Schalke 04 U17,Germany
-395,SC Victoria Hamburg,SC Victoria Hamburg,Germany
-393,SC Pfullendorf,SC Pfullendorf,Germany
-391,Rot-Weiss Ahlen,Rot-Weiss Ahlen,Germany
-389,Preuben 06 Munste,Preuben 06 Munste,Germany
-387,Niederauerbach,Niederauerbach,Germany
-386,Neumunster 1910,Neumunster 1910,Germany
-383,FC Oberneuland,FC Oberneuland,Germany
-380,Berlin Ankaraspor Kulubu 07,Berlin Ankaraspor Kulubu 07,Germany
960,SV Werder Bremen,Werder Bremen,Germany
961,FC Bayern München,Bayern München,Germany
962,VfB Stuttgart 1893,Stuttgart,Germany
963,TSV Bayer 04 Leverkusen,Bayer Leverkusen,Germany
964,BV Borussia 09 Dortmund,Borussia Dortmund,Germany
965,VfL Bochum 1848,Bochum,Germany
966,FC Schalke 04,Schalke 04,Germany
967,Hamburger SV,Hamburger SV,Germany
968,VfL Wolfsburg,Wolfsburg,Germany
969,FC Hansa Rostock,Hansa Rostock,Germany
970,SC Freiburg,Freiburg,Germany
971,Borussia VfL Mönchengladbach,Borussia M'gladbach,Germany
972,Hannover 96,Hannover 96,Germany
973,1. FC Kaiserslautern,Kaiserslautern,Germany
974,Hertha BSC,Hertha BSC,Germany
975,1. FC Nürnberg,Nürnberg,Germany
976,DSC Arminia Bielefeld,Arminia Bielefeld,Germany
977,1. FSV Mainz 05,Mainz 05,Germany
978,TSV 1860 München,1860 München,Germany
979,Eintracht Frankfurt,Eintracht Frankfurt,Germany
980,1. FC Köln,Köln,Germany
981,FC Energie Cottbus,Energie Cottbus,Germany
982,TSV Alemannia Aachen,Alemannia Aachen,Germany
983,SC Rot-Weiß Oberhausen 1904,Rot-Weiß Oberhausen,Germany
984,MSV Duisburg,MSV Duisburg,Germany
985,FC Erzgebirge Aue,Erzgebirge Aue,Germany
986,SpVgg Greuther Fürth,Greuther Fürth,Germany
987,SV Eintracht Trier 05,Eintracht Trier,Germany
988,SpVgg Unterhaching,Unterhaching,Germany
989,Karlsruher SC,Karlsruher SC,Germany
990,SV Wacker Burghausen,Wacker Burghausen,Germany
991,Rot Weiss Ahlen,Rot Weiss Ahlen,Germany
992,FC Rot-Weiß Erfurt,Rot-Weiß Erfurt,Germany
993,1. FC Saarbrücken,Saarbrücken,Germany
994,Rot-Weiss Essen,Rot-Weiss Essen,Germany
995,SG Dynamo Dresden,Dynamo Dresden,Germany
997,SV Wehen Wiesbaden,Wehen Wiesbaden,Germany
998,SSV Jahn 2000 Regensburg,Jahn Regensburg,Germany
1000,FC Augsburg,Augsburg,Germany
1001,TSG 1899 Hoffenheim,Hoffenheim,Germany
1002,VfR Aalen 1921,Aalen,Germany
1003,SV Stuttgarter Kickers,Stuttgarter Kickers,Germany
1004,SC Pfullendorf 1919,Pfullendorf,Germany
1006,1. SC Feucht,SC Feucht,Germany
1008,Offenbacher FC Kickers 1901,Kickers Offenbach,Germany
1009,SV 07 Elversberg,Elversberg,Germany
1010,Sportfreunde Siegen von 1899,Sportfreunde Siegen,Germany
1011,Wuppertaler SV,Wuppertaler SV,Germany
1013,SC Paderborn 07,Paderborn,Germany
1014,KFC Uerdingen 05,Uerdingen,Germany
1015,Braunschweiger TSV Eintracht 1895,Eintracht Braunschweig,Germany
1016,Chemnitzer FC,Chemnitzer FC,Germany
1018,FC St. Pauli von 1910,St. Pauli,Germany
1019,Kieler SV Holstein 1900,Holstein Kiel,Germany
1022,Arminia Bielefeld Amatuere,Bielefeld-A,Germany
1024,SC Preußen 06 Münster,Preußen Münster,Germany
1025,VfB Lübeck,Lübeck,Germany
1026,1. FC Union Berlin,Union Berlin,Germany
1027,VfL Osnabrück,Osnabrück,Germany
1029,Düsseldorfer TuS Fortuna 1895,Fortuna Düsseldorf,Germany
1030,1. FC Schweinfurt 1905,Schweinfurt,Germany
1031,1. FC Eschborn 1930,Eschborn,Germany
1033,VfB Leipzig,VfB Leipzig,Germany
1034,VfR Neumünster von 1910,VfR Neumünster,Germany
1036,SG Wattenscheid 09,Wattenscheid 09,Germany
1037,Germany,Germany,Germany
2338,SSV Ulm 1846,Ulm,Germany
2363,FSV Frankfurt,FSV Frankfurt,Germany
2364,SV Waldhof Mannheim 07,Waldhof Mannheim,Germany
2365,SSV Reutlingen 05,Reutlingen,Germany
2366,SV Babelsberg 03,Babelsberg,Germany
2367,SC Fortuna Köln,Fortuna Köln,Germany
2368,Tennis Borussia Berlin,Tennis Borussia,Germany
2370,FSV Zwickau,Zwickau,Germany
2371,SV Meppen 1912,Meppen,Germany
2372,FC Carl Zeiss Jena,Carl Zeiss Jena,Germany
2373,VfB Oldenburg 1897,VfB Oldenburg,Germany
2374,FC 08 Homburg Saar,Homburg,Germany
2549,SV Darmstadt 1898,Darmstadt 98,Germany
2551,VfB Borussia Neunkirchen,Borussia Neunkirchen,Germany
2552,SpVgg Ansbach 09,Ansbach,Germany
2553,SC Borussia 04 Fulda,Borussia Fulda,Germany
2816,Lüneburger SK,Lüneburg,Germany
2817,SV Wilhelmshaven,Wilhelmshaven,Germany
2818,1. FC Magdeburg,Magdeburg,Germany
2819,SC Verl 1924,Verl,Germany
2821,Dresdner SC,Dresdner SC,Germany
2923,FC Nöttingen 1957,Nöttingen,Germany
2924,TuS Koblenz 1911,Koblenz,Germany
4110,Germany,Germany,Germany
4279,Germany Under 20,Germany U20,Germany
4362,Germany Under 21,Germany U21,Germany
4416,1. FFC Frankfurt,FFC Frankfurt,Germany
4417,FC Bayern München,Bayern München,Germany
4418,MSV Duisburg,Duisburg,Germany
4419,FFC Heike Rheine,Heike Rheine,Germany
4420,1. FFC Turbine Potsdam,Turbine Potsdam,Germany
4421,FSV Frankfurt,FSV Frankfurt,Germany
4422,Hamburger SV,Hamburger SV,Germany
4423,SC 07 Bad Neuenahr,SC 07 Bad Neuenahr,Germany
4424,SC Freiburg,Freiburg,Germany
4425,SGS Essen 19/68,SGS Essen,Germany
4426,TSV 1846 Crailsheim,Crailsheim,Germany
4427,VfL Wolfsburg,Wolfsburg,Germany
4572,BSV Kickers Emden,Kickers Emden,Germany
4573,Karlsruher SC Amateure,Karlsruhe-A,Germany
4574,SpVgg Bayreuth,Bayreuth,Germany
5176,VfL Sindelfingen,Sindelfingen,Germany
5177,FFC Brauweiler Pulheim 2000,FFC Brauweiler Pulheim 2000,Germany
5178,SuS Timmel,SuS Timmel,Germany
5179,KSV Holstein von 1900,Holstein Kiel,Germany
5180,Victoria Gersten,Victoria Gersten,Germany
5181,FFV Neubrandenburg,FFV Neubrandenburg,Germany
5182,1. FFC Turbine Potsdam II,Turbine Potsdam II,Germany
5183,Tennis Borussia Berlin,Tennis Borussia,Germany
5184,Wolfenbuttel,Wolfenbuttel,Germany
5185,FSV Gütersloh 2009,Gütersloh,Germany
5186,TSV Jahn Calden,Jahn Calden,Germany
5187,Wattenscheid 09,Wattenscheid 09,Germany
5188,Lütgendortmund,Lütgendortmund,Germany
5189,FFC Wacker München,Wacker München,Germany
5190,SC Sand,SC Sand,Germany
5191,Karlsruher SC,Karlsruher SC,Germany
5192,TuS Niederkirchen 1900,TuS Niederkirchen 1900,Germany
5193,FSV Viktoria Jägersburg,Jägersburg,Germany
5194,1. FC Saarbrücken,Saarbrücken,Germany
5195,VfL Sindelfingen II,VfL Sindelfingen II,Germany
5196,1. FFC Frankfurt II,FFC Frankfurt II,Germany
5197,FF USV Jena,USV Jena,Germany
5198,FC Erzgebirge Aue,Erzgebirge Aue,Germany
5199,TSV Bayer 04 Leverkusen,Bayer Leverkusen,Germany
5200,Oberaussem,Oberaussem,Germany
5201,1. FC Lokomotive Leipzig,Lokomotive Leipzig,Germany
5202,Hamburger SV II,Hamburger SV II,Germany
5203,Jungingen,Jungingen,Germany
5473,1. FC Köln II,Köln II,Germany
5474,FC 08 Villingen,Villingen,Germany
5475,FC Bremerhaven,FC Bremerhaven,Germany
5476,FC Ingolstadt 04,Ingolstadt,Germany
5477,FC Kutzhof,FC Kutzhof,Germany
5479,1. FSV Mainz 05 II,Mainz 05 II,Germany
5480,FC Hansa Rostock II,Hansa Rostock II,Germany
5481,MSV 1919 Neuruppin,MSV 1919 Neuruppin,Germany
5482,FC Rot-Weiß Erfurt II,Rot-Weiß Erfurt II,Germany
5483,VfL Bochum 1848 II,Bochum II,Germany
5484,VfL Wolfsburg II,Wolfsburg II,Germany
5514,FC Sachsen Leipzig 1990,Sachsen Leipzig,Germany
5517,Bayer 04 Leverkusen II,Bayer Leverkusen II,Germany
5518,Hertha BSC II,Hertha BSC II,Germany
5519,Hamburger SV II,Hamburger SV II,Germany
5520,SV Werder Bremen II,Werder Bremen II,Germany
5521,TSV 1860 München II,1860 München II,Germany
5522,VfB Stuttgart 1893 II,Stuttgart II,Germany
5523,FC Bayern München II,Bayern München II,Germany
5524,Karlsruher SC II,Karlsruher SC II,Germany
5525,1. FC Kaiserslautern II,Kaiserslautern II,Germany
5800,1. FC Bocholt,FC Bocholt,Germany
5801,1. FC Kleve,Kleve,Germany
5802,1. FC Bad Kötzting,Bad Kötzting,Germany
5803,1. FC Normannia Schwäbisch Gmünd,Normannia Gmünd,Germany
5804,1. FC Nürnberg II,Nürnberg II,Germany
5805,1. FC Passau,Passau,Germany
5806,1. FC Saarbrücken II,Saarbrücken II,Germany
5807,1. FC Schwalmstadt,Schwalmstadt,Germany
5808,1. FC Union Solingen,Union Solingen,Germany
5809,TSV Alemannia Aachen II,Alemannia Aachen II,Germany
5810,Altonaer FC von 1893,Altona 93,Germany
5811,Arminia Bielefeld II,Arminia Bielefeld II,Germany
5812,SV Arminia Hannover,Arminia Hannover,Germany
5813,FC Bergedorf 85,Bergedorf 85,Germany
5814,ASV Durlach 1902,Durlach,Germany
5815,FC Bayern Alzenau 1920,Bayern Alzenau,Germany
5816,Berliner AK '07,BAK '07,Germany
5817,Berliner FC Dynamo,BFC Dynamo,Germany
5818,Berliner FC Preussen,BFC Preussen,Germany
5819,Türkiyemspor Berlin,Türkiyemspor,Germany
5820,Bonner SC,Bonner SC,Germany
5821,BV Borussia 09 Dortmund II,Borussia Dortmund II,Germany
5822,Borussia Mönchengladbach II,Borussia M'gladbach II,Germany
5823,Brinkumer SV,Brinkumer SV,Germany
5824,SV Buchonia Flieden 1912,Buchonia Flieden,Germany
5825,FSV Budissa Bautzen,Budissa Bautzen,Germany
5826,BV Cloppenburg,Cloppenburg,Germany
5827,Delbrücker SC,Delbrücker SC,Germany
5828,FT Eider Büdelsdorf,Eider Büdelsdorf,Germany
5829,Eintracht Braunschweig II,Eintracht Braunschw. II,Germany
5830,SG Eintracht Bad Kreuznach,SG Eintracht Bad Kreuznach,Germany
5831,Eintracht Frankfurt II,Eintracht Frankfurt II,Germany
5832,SV Eintracht Nordhorn,Eintracht Nordhorn,Germany
5833,SV Eintracht Trier II,Eintracht Trier II,Germany
5835,FC Eilenburg,Eilenburg,Germany
5836,FC Eintracht Rheine,Eintracht Rheine,Germany
5837,FC Emmendingen 03,FC Emmendingen 03,Germany
5838,FC Energie Cottbus II,Energie Cottbus II,Germany
5839,FC Gütersloh 2000,Gütersloh,Germany
5840,FC Ismaning,Ismaning,Germany
5841,FC Junkersdorf,Junkersdorf,Germany
5842,FC Kempten,FC Kempten,Germany
5843,FC Memmingen 07,Memmingen,Germany
5844,FC Oberlausitz Neugersdorf,Oberlausitz Neugersdorf,Germany
5845,FC Schalke 04 II,Schalke 04 II,Germany
5846,FC St. Pauli von 1910 II,St. Pauli II,Germany
5847,FC Wegberg-Beeck 1920,Wegberg-Beeck,Germany
5848,FK Pirmasens,Pirmasens,Germany
5849,FSV Ludwigshafen-Oggersheim 1913,FSV Oggersheim,Germany
5850,FSV 1926 Fernwald,Fernwald,Germany
5851,FV Bad Vilbel,Bad Vilbel,Germany
5852,SC Borea Dresden,Borea Dresden,Germany
5853,FV Engers 07,FV Engers 07,Germany
5854,FV Lauda,Lauda,Germany
5855,FV Preußen Eberswalde,Preußen Eberswalde,Germany
5856,VfB Germania Halberstadt,Germania Halberstadt,Germany
5857,1. FC Germania 08 Ober-Roden,Germania Ober-Roden,Germany
5858,GFC Düren,GFC Duren,Germany
5859,Hallescher FC,Hallescher FC,Germany
5860,Hannover 96 II,Hannover 96 II,Germany
5861,BFV Hassia Bingen,Hassia Bingen,Germany
5862,1. FC Heidenheim 1846,Heidenheim,Germany
5863,KSV Hessen Kassel,Hessen Kassel,Germany
5864,Kieler SV Holstein 1900 II,Holstein Kiel II,Germany
5865,SSV Jahn 2000 Regensburg II,Jahn Regensburg II,Germany
5866,KSV Baunatal,Baunatal,Germany
5867,KSV Klein-Karben,Klein-Karben,Germany
5868,Rot Weiß Ahlen II,Rot Weiß Ahlen II,Germany
5869,Ludwigsfelder FC,Ludwigsfelder FC,Germany
5870,Meiendorfer SV,Meiendorfer SV,Germany
5871,MSV Duisburg II,MSV Duisburg II,Germany
5872,OSC Vellmar,Vellmar,Germany
5873,SG Quelle Fürth,Quelle Furth,Germany
5874,SV Rot Weiß Hasborn-Dautweiler,Rot-Weiß Hasborn,Germany
5875,SC Freiburg II,Freiburg II,Germany
5876,SC Fürstenfeldbruck,Fürstenfeldbruck,Germany
5877,SC Hauenstein 1919,Hauenstein,Germany
5878,SC Waldgirmes 1929,Waldgirmes,Germany
5879,ETB Schwarz-Weiß Essen,Schwarz-Weiß Essen,Germany
5880,SG 06 Betzdorf,Betzdorf,Germany
5881,SG Bruchköbel,Bruchköbel,Germany
5882,SG Sonnenhof Großaspach,Sonnenhof Großaspach,Germany
5883,SGV Freiberg,SGV Freiberg,Germany
5884,Sportfreunde Lotte,Sportfreunde Lotte,Germany
5885,Sportfreunde Siegen 1899 II,Sportfreunde Siegen II,Germany
5886,SpVgg EGC Wirges,Wirges,Germany
5887,SpVgg Erkenschwick,Erkenschwick,Germany
5888,SpVgg Greuther Fürth II,Greuther Fürth II,Germany
5889,SpVgg Unterhaching II,Unterhaching II,Germany
5890,SSVg Velbert 1902,Velbert,Germany
5891,SV Stuttgarter Kickers II,Stuttgarter Kickers II,Germany
5892,SV 1919 Grimma,Grimma,Germany
5893,SV Emsdetten 05,SV Emsdetten 05,Germany
5894,SV Erzhausen,Erzhausen,Germany
5895,SV Falkensee-Finkenkrug,Falkensee-Finkenkrug,Germany
5896,SV Linx 1949,Linx,Germany
5897,SV Lippstadt 08,Lippstadt 08,Germany
5898,SV Sandhausen,Sandhausen,Germany
5899,SV Schermbeck 1912,Schermbeck,Germany
5900,Torgelower SV Greif,Torgelower SV Greif,Germany
5901,TSG 1899 Hoffenheim II,Hoffenheim II,Germany
5902,TSG Neustrelitz,Neustrelitz,Germany
5903,TSG Wattenbach,Wattenbach,Germany
5904,TSG Wörsdorf 1887,Wörsdorf,Germany
5905,TSV Aindling,Aindling,Germany
5906,TSV 1846 Crailsheim,Crailsheim,Germany
5907,TSV Großbardorf 1923,Großbardorf,Germany
5908,TSV Kropp 1946,Kropp,Germany
5909,TSV Völpke,Volpke,Germany
5910,TuRU 1880 Düsseldorf,TuRU 1880 Düsseldorf,Germany
5911,TuS Mayen,Mayen,Germany
5912,TuS Mechtersheim 1914,Mechtersheim,Germany
5913,VfB Auerbach,Auerbach,Germany
5914,VfB Fichte Bielefeld,VfB Fichte Bielefeld,Germany
5915,VfB Homberg,Homberg,Germany
5916,VfB Hüls,Hüls,Germany
5917,VfB Pößneck,Pößneck,Germany
5918,VfB Speldorf,Speldorf,Germany
5919,VFC Plauen,Plauen,Germany
5920,VfL Frohnlach 1919,Frohnlach,Germany
5921,VfL Osnabrück II,Osnabrück II,Germany
5922,VfR Mannheim,VfR Mannheim,Germany
5923,SV Viktoria Aschaffenburg,Viktoria Aschaffenburg,Germany
5924,SV Wacker Burghausen Abteilung Fußball II,Wacker Burghausen II,Germany
5925,SC Westfalia 04 Herne,Westfalia Herne,Germany
5926,VfR Wormatia 08 Worms,Wormatia Worms,Germany
5927,Wuppertaler Sport-Verein Borussia II,Wuppertaler SV II,Germany
5928,Würzburger FV,Würzburger FV,Germany
5929,Yurdumspor Köln,Yurdumspor,Germany
5930,ZFC Meuselwitz,Meuselwitz,Germany
5931,SV Yesilyurt,SV Yesilyurt Berlin,Germany
6006,SC Regensburg,SC Regensburg,Germany
6825,Herforder SV Borussia Friedenstal,Herforder SV,Germany
6826,SC 07 Bad Neuenahr II,SC 07 Bad Neuenahr II,Germany
6831,FC Oberneuland,Oberneuland,Germany
6832,VfL 93 Hamburg,VfL Hamburg,Germany
6833,SV Henstedt-Ulzburg,Henstedt-Ulzburg,Germany
6834,SV Ramlingen / Ehlershausen,Ramlingen / Ehlershausen,Germany
6835,VSK Osterholz-Scharmbeck,Osterholz-Scharmbeck,Germany
6836,FC Schönberg 95,Schönberg,Germany
6837,SV Germania 90 Schöneiche,Germania Schöneiche,Germany
6838,Lichterfelder FC Berlin,Lichterfelder FC,Germany
6839,FC Carl Zeiss Jena II,Carl Zeiss Jena II,Germany
6840,SV Dessau 05,SV Dessau 05,Germany
6841,SSG 09 Bergisch Gladbach,Bergisch Gladbach,Germany
6842,SV 1919 Straelen,SV 1919 Straelen,Germany
6843,Hammer Spielvereinigung,Hammer SpVg,Germany
6844,Sportfreunde Oestrich-Iserlohn,Sportfreunde Oestrich-Iserlohn,Germany
6845,FSV Braunfels,FSV Braunfels,Germany
6846,RSV Würges,Würges,Germany
6847,SV Bernbach,SV Bernbach,Germany
6848,FSV Salmrohr 1921,Salmrohr,Germany
6849,TuS Hohenecken,TuS Hohenecken,Germany
6850,1. FC Pforzheim,FC Pforzheim,Germany
6851,Bahlinger SC,Bahlinger SC,Germany
6852,SV Bonlanden,Bonlanden,Germany
6853,1. FC Eintracht Bamberg,Eintracht Bamberg,Germany
6854,SpVgg Bayern Hof,Bayern Hof,Germany
6855,SpVgg Weiden,Weiden,Germany
6856,SV Heimstetten,Heimstetten,Germany
6919,SV Roßbach / Verscheid,Roßbach / Verscheid,Germany
6920,TSG Thannhausen,Thannhausen,Germany
6921,1. FC Gera 03,Gera,Germany
7090,Germany Under 20,Germany U20,Germany
7291,SV 67 Weinberg,Weinberg,Germany
7292,SV Dirmingen,Dirmingen,Germany
7293,TGM SV Jügesheim,TGM SV Jügesheim,Germany
8565,1. FC Union Berlin,Union Berlin,Germany
8590,FFC Oldesloe,Oldesloe,Germany
8591,MSV Duisburg II,Duisburg II,Germany
8592,FC Bayern München II,Bayern München II,Germany
8593,ASV Hagsfeld,Hagsfeld,Germany
8651,SV Seligenporten,Seligenporten,Germany
8652,SC Victoria Hamburg,Victoria Hamburg,Germany
8653,TSV Havelse,Havelse,Germany
8692,Mellendorfer TV 1919,Mellendorfer TV,Germany
8693,FSV 02 Schwerin,FSV 02 Schwerin,Germany
8695,Energie Cottbus,Energie Cottbus,Germany
8696,Geestemünder SC,Geestemünder SC,Germany
8697,Magdeburger FFC,Magdeburger FFC,Germany
8698,FC Bergedorf 85,Bergedorf 85,Germany
8699,TSV Uengershausen,TSV Uengershausen,Germany
8700,Hegauer FV,Hegauer FV,Germany
8701,SV Eutingen,SV Eutingen,Germany
8702,SV Johannstadt 90 Dresden,SV Johannstadt 90 Dresden,Germany
8703,1. FFV Erfurt,FFV Erfurt,Germany
8704,TuS Ahrbach,Ahrbach,Germany
8705,SC Fortuna Köln,Fortuna Köln,Germany
8706,Rehweiler-Matzenbach,Rehweiler-Matzenbach,Germany
8707,VfR 07 Limburg,VfR 07 Limburg,Germany
8711,FSC Lohfelden 1924,Lohfelden,Germany
8712,SV Wehen Wiesbaden II,Wehen Wiesbaden II,Germany
8714,SG Eintracht 05 Wetzlar,Eintracht Wetzlar,Germany
8715,SG Rot Weiss Frankfurt 01,Rot-Weiss Frankfurt,Germany
8823,TuS Heeslingen,TuS Heeslingen,Germany
8824,VfB Lübeck II,Lübeck II,Germany
8825,SV Lurup 23 Hamburg,Lurup,Germany
8826,Spandauer SV,Spandauer SV,Germany
8827,Greifswalder SV 04,Greifswalder SV,Germany
8828,FSV Optik Rathenow,Optik Rathenow,Germany
8829,1. FC Gera 03,1. FC Gera 03,Germany
8830,Blau Weiss Hohen Neuendorf,Hohen Neuendorf,Germany
8831,FF USV Jena II,USV Jena II,Germany
8832,Lichterfelder FC 1892 Berlin,Lichterfelder FC,Germany
8833,Hafen Rostock,Hafen Rostock,Germany
8834,Adlershofer BC 08 Berlin,Adlershofer BC 08 Berlin,Germany
8835,Hallescher FC,Hallescher FC,Germany
8836,1. FC Lübars,Lübars,Germany
8837,BSV Grün Weiß Neukölln,BSV Grün Weiß Neukölln,Germany
8838,1. FC Saarbrücken II,Saarbrücken II,Germany
8839,SC Siegelbach,SC Siegelbach,Germany
8840,TuS Issel,Issel,Germany
8841,TuS 1847 Wörrstadt,Wörrstadt,Germany
8842,DSG Breitenthal 95,DSG Breitenthal 95,Germany
8843,1. FFC Montabaur,Montabaur,Germany
8844,SG Parr Medelsheim,SG Parr Medelsheim,Germany
8845,VfR Niederfell,VfR Niederfell,Germany
8854,TSG Sprockhövel 1881,Sprockhövel,Germany
8855,DJK Germania Gladbeck,DJK Germania Gladbeck,Germany
8856,SC Wiedenbrück 2000,Wiedenbrück,Germany
8857,VfB Sangerhausen,VfB Sangerhausen,Germany
8858,SSV Markranstädt,Markranstädt,Germany
8859,FC Germania Dattenfeld 1910,Germania Dattenfeld,Germany
8860,Düsseldorfer TuS Fortuna 1895 II,Fortuna Düsseldorf II,Germany
8861,SC Idar-Oberstein,Idar-Oberstein,Germany
8862,Sportfreunde Köllerbach,Köllerbach,Germany
8863,VfL Kirchheim unter Teck,Kirchheim,Germany
8864,FC Astoria Walldorf,Astoria Walldorf,Germany
8865,TSV Schwieberdingen 1906,TSV Schwieberdingen 1906,Germany
9007,SV Ahlerstedt Ottendorf,Ahlerstedt Ottendorf,Germany
9008,FSG Twist,FSG Twist,Germany
9009,TSG Burg Gretesch,Burg Gretesch,Germany
9010,TUS Büppel,TUS Büppel,Germany
9011,TSV Nahe,TSV Nahe,Germany
9012,VfL Oythe,Oythe,Germany
9013,TV Jahn Delmenhorst,Jahn Delmenhorst,Germany
9014,SV Lurup Hamburg,SV Lurup Hamburg,Germany
9015,SV Holtinghausen,SV Holtinghausen,Germany
9358,DJK Fortuna Dilkrath,Fortuna Dilkrath,Germany
9359,FC Teutonia Weiden,FC Teutonia Weiden,Germany
9360,Sportfreunde Siegen 1899,Sportfreunde Siegen,Germany
9361,SV Rot Weiß Merl,SV Rot Weiß Merl,Germany
9362,SG Essen-Schönebeck II,Essen-Schönebeck II,Germany
9363,FSV Gütersloh 2009 II,Gütersloh II,Germany
9364,GSV 1910 Moers,Moers,Germany
9365,DJK Eintracht Coesfeld,Eintracht Coesfeld,Germany
9366,DJK Arminia Ibbenbüren,Arminia Ibbenbüren,Germany
9374,Germany Under 17,Germany U17,Germany
9400,Germania Wiesbaden,Germania Wiesbaden,Germany
9401,TSV Schwaben Augsburg,Schwaben Augsburg,Germany
9402,FV Löchgau,Löchgau,Germany
10758,SV Tasmania Berlin,Tasmania Berlin,Germany
10760,SV Blau-Weiß 90 Berlin,SV Blau-Weiß 90 Berlin,Germany
10788,VfL Oldenburg 1894,VfL Oldenburg,Germany
10789,MTV Gifhorn 1861,Gifhorn,Germany
11060,FC Würzburger Kickers,Würzburger Kickers,Germany
11061,FC Ingolstadt 04 II,Ingolstadt II,Germany
11062,TSV Buchbach,Buchbach,Germany
11063,FSV Erlangen-Bruck,Erlangen-Bruck,Germany
11064,TSV 1896 Rain am Lech,Rain / Lech,Germany
11065,FSV Bentwisch,Bentwisch,Germany
11066,Brandenburger SC Süd 05,BSC Süd 05,Germany
11067,Reinickendorfer Füchse,Reinickendorfer Füchse,Germany
11068,1. FC Magdeburg II,Magdeburg II,Germany
11069,FC Grün-Weiß Wolfen,Grün-Weiß Wolfen,Germany
11070,FC Erzgebirge Aue II,Erzgebirge Aue II,Germany
11071,1. FC Lokomotive Leipzig,Lokomotive Leipzig,Germany
11072,Blumenthaler SV,Blumenthaler SV,Germany
11073,Bremer SV,Bremer SV,Germany
11074,Habenhauser FV,Habenhauser FV,Germany
11075,Olympischer SC Bremerhaven,OSC Bremerhaven,Germany
11076,TSV Osterholz-Tenever,Osterholz-Tenever,Germany
11077,SC Vahr-Blockdiek,Vahr-Blockdiek,Germany
11078,SG Aumund-Vegesack,Aumund-Vegesack,Germany
11079,TSV Blau-Weiß Melchiorshausen,Melchiorshausen,Germany
11080,TSV Wulsdorf,Wulsdorf,Germany
11081,SV Türkspor Bremen,Türkspor Bremen,Germany
11082,TuS Schwachhausen,Schwachhausen,Germany
11083,KSV Vatan Sport Bremen,Vatan Sport,Germany
11084,VfL 07 Bremen,VfL Bremen,Germany
11085,SV Werder Bremen III,Werder Bremen III,Germany
11204,SC Vorwärts-Wacker 1904,Vorwärts-Wacker 04,Germany
11205,FC Voran 1949 Ohe,Voran Ohe,Germany
11206,SC Concordia 1907 Hamburg,Concordia Hamburg,Germany
11207,FC Eintracht Norderstedt,Eintracht Norderstedt,Germany
11208,SC Condor 1956 Hamburg,Condor Hamburg,Germany
11209,SV Curslack-Neuengamme,Curslack-Neuengamme,Germany
11210,SV Halstenbek-Rellingen,Halstenbek-Rellingen,Germany
11211,Uhlenhorster SC Paloma,Paloma,Germany
11212,HSV Barmbek Uhlenhorst,Barmbek-Uhlenhorst,Germany
11213,SC Egenbüttel,Egenbüttel,Germany
11214,TSV Buchholz 08,TSV Buchholz,Germany
11215,Niendorfer TSV,Niendorfer TSV,Germany
11216,SV 07 Elversberg II,Elversberg II,Germany
11217,SV Alemannia Waldalgesheim,Alemannia Waldalgesheim,Germany
11218,SV Niederauerbach,SV Niederauerbach,Germany
11219,SV 1920 Mettlach,Mettlach,Germany
11220,SG Bad Breisig,Bad Breisig,Germany
11221,TuS Celle FC,Celle,Germany
11222,TuS Güldenstern Stade,Güldenstern Stade,Germany
11223,VfL Maschen 1911,Maschen,Germany
11224,Goslarer SC 08,Goslarer SC,Germany
11225,SV Blau Weiß Bornreihe,Blau Weiß Bornreihe,Germany
11226,SC Weende Göttingen,Weende,Germany
11227,FC Eintracht Northeim,Eintracht Northeim,Germany
11228,Rotenburger SV,Rotenburger SV,Germany
11229,TSV Ottersberg,Ottersberg,Germany
11230,SV Drochtersen / Assel,Drochtersen / Assel,Germany
11231,Freie Turner Braunschweig,FT Braunschweig,Germany
11232,SSV Vorsfelde,Vorsfelde,Germany
11233,BSV Ölper 2000,Ölper,Germany
11234,Lüneburger SK Hansa,LSK Hansa,Germany
11235,BSV Schwarz-Weiß Rehden,Schwarz-Weiß Rehden,Germany
11236,SV Bavenstedt 1946,Bavenstedt,Germany
11237,TuS Pewsum,Pewsum,Germany
11238,SV Wilhelmshaven II,Wilhelmshaven II,Germany
11239,VfV Borussia 06 Hildesheim,Borussia Hildesheim,Germany
11240,SC Langenhagen,Langenhagen,Germany
11241,Heesseler SV,Heesseler SV,Germany
11242,TuS Lingen 1910,Lingen,Germany
11243,SpVgg Preußen Hameln 07,Preußen Hameln,Germany
11244,SV Bad Rothenfelde,Bad Rothenfelde,Germany
11245,VfL Germania Leer,Germania Leer,Germany
11246,1. Schleswiger SV 06,Schleswig 06,Germany
11247,FC Kilia Kiel 1902,Kilia Kiel,Germany
11248,Flensburger SpVgg 08,Flensburg 08,Germany
11249,SC Comet Kiel,Comet Kiel,Germany
11250,Heikendorfer SV,Heikendorfer SV,Germany
11251,TSV Altenholz,Altenholz,Germany
11252,Husumer SV,Husumer SV,Germany
11253,FC Itzehoe,Itzehoe,Germany
11254,Niendorf-Timmendorfer SV Strand 08,NTSV Strand,Germany
11255,VfR Horst 1946,Horst,Germany
11256,Heider SV,Heider SV,Germany
11257,Eckernförder SV 1923,Eckernförder SV,Germany
11258,Rot-Weiss Essen II,Rot-Weiss Essen II,Germany
11259,Hünfelder SV,Hünfelder SV,Germany
11260,Offenbacher FC Kickers 1901 II,Kickers Offenbach II,Germany
11261,KSV Hessen Kassel II,Hessen Kassel II,Germany
11262,FC Viktoria 09 Urberach,Viktoria Urberach,Germany
11263,TSV Eintracht Stadtallendorf,Eintracht Stadtallendorf,Germany
11264,TSG Balingen,Balingen,Germany
11265,SpVgg Au / Iller 1928,Au / Iller,Germany
11266,Offenburger Fussball Verein 1907,Offenburger FV,Germany
11267,Kehler FV 07,Kehler FV,Germany
11268,FV Illertissen 1921,Illertissen,Germany
11285,BV Borussia Bocholt 1960,Borussia Bocholt,Germany
11286,SV Werder Bremen,Werder Bremen,Germany
11287,SV Rot Weiß Flatow,SV Rot Weiß Flatow,Germany
11288,SV Rot-Weiß Göcklingen,Rot-Weiß Göcklingen,Germany
11289,1. FFC 08 Niederkirchen,Niederkirchen,Germany
11290,SV Bardenbach,Bardenbach,Germany
11291,SV Eintracht Seekirch,SV Eintracht Seekirch,Germany
11292,TSG 1899 Hoffenheim,Hoffenheim,Germany
11590,FC 08 Elm,FC 08 Elm,Germany
11591,FC Bitburg 1919,Bitburg,Germany
11592,BV Cloppenburg,Cloppenburg,Germany
11593,SG Jesteburg Bendestorf,SG Jesteburg Bendestorf,Germany
11594,TSV Havelse,Havelse,Germany
11595,Leipziger FC,Leipziger FC,Germany
11596,TuS Harpen,TuS Harpen,Germany
11597,VfL Kommern,Kommern,Germany
11598,TSV Pfersee Augsburg,TSV Pfersee Augsburg,Germany
11599,RSV Roßdorf,Roßdorf,Germany
13053,FC Maxhütte-Haidhof,FC Maxhütte-Haidhof,Germany
13071,FC Anker Wismar,Anker Wismar,Germany
13349,SpVgg Neckarelz,Neckarelz,Germany
13396,FSV Frankfurt II,FSV Frankfurt II,Germany
13397,VfB Marburg,Marburg,Germany
13398,SVA Bad Hersfeld,Bad Hersfeld,Germany
13399,TSG Weinheim,Weinheim,Germany
13400,FC Denzlingen,Denzlingen,Germany
13401,SV Spielberg,Spielberg,Germany
13403,SV Auersmacher,Auersmacher,Germany
13404,SVN 1929 Zweibrücken,Zweibrücken,Germany
13405,Sportfreunde Eisbachtal,Eisbachtal,Germany
13406,Lichtenrader BC 25,Lichtenrader BC,Germany
13407,FSV 63 Luckenwalde,Luckenwalde,Germany
13408,Malchower SV 90,Malchower SV,Germany
13409,SV Schott Jenaer Glas,Schott Jena,Germany
13410,Rasen Ballsport Leipzig,RB Leipzig,Germany
13411,Dynamo Dresden II,Dynamo Dresden II,Germany
13412,VfL Halle 96,VfL Halle,Germany
13415,SV Memmelsdorf 1923,Memmelsdorf,Germany
13416,TSV 1860 Rosenheim,1860 Rosenheim,Germany
13417,SV Schalding-Heining,Schalding-Heining,Germany
13418,SV Grohn,Grohn,Germany
13419,FC Oberneuland II,Oberneuland II,Germany
13420,Polizei SV Union Neumünster,Union Neumünster,Germany
13421,ETSV Weiche Flensburg,Weiche Flensburg,Germany
13422,TSV Klausdorf,Klausdorf,Germany
13423,SV Eichede,Eichede,Germany
13424,Niendorfer TSV,Niendorfer TSV,Germany
13425,Oststeinbeker SV,Oststeinbeker SV,Germany
13426,Wedeler TSV,Wedeler TSV,Germany
13427,TSV Uetersen,Uetersen,Germany
13428,VfL Lohbrügge,Lohbrügge,Germany
13458,TSV Germania Windeck 1910,Germania Windeck,Germany
13459,SV Rot-Weiß Cuxhaven,Rot-Weiß Cuxhaven,Germany
13460,USI Lupo-Martini Wolfsburg,Lupo-Martini,Germany
13461,SV Ahlerstedt / Ottendorf,Ahlerstedt / Ottendorf,Germany
13462,VfL Oythe,Oythe,Germany
13463,VfL Bückeburg,Bückeburg,Germany
13499,SVG Göttingen 07,SVG Göttingen,Germany
13687,FC Sankt Augustin,FC Sankt Augustin,Germany
13688,TSV Alemannia Aachen,Alemannia Aachen,Germany
13689,Borussia VfL Mönchengladbach,Borussia M'gladbach,Germany
13690,1. FFC Recklinghausen 2003,Recklinghausen,Germany
13691,FV Dudenhofen,FV Dudenhofen,Germany
13849,TSG Ahlten,TSG Ahlten,Germany
13850,Holstein Kiel II,Holstein Kiel II,Germany
14194,BSC Marzahn,BSC Marzahn,Germany
14195,1. FC Neubrandenburg 04,Neubrandenburg 04,Germany
14196,1. FFC Fortuna Dresden Rähnitz,Fortuna Dresden Rähnitz,Germany
14197,1. FC Nürnberg,Nürnberg,Germany
14242,1. FC Köln,Köln,Germany
14415,Lok Stendal,Lok Stendal,Germany
14479,FSV Vohwinkel,FSV Vohwinkel,Germany
14509,SpVgg Marl,SpVgg Marl,Germany
14853,VfR Neuss,VfR Neuss,Germany
14955,Borussia Freialdenhoven,Borussia Freialdenhoven,Germany
15383,Germany Under 19,Germany U19,Germany
15470,Germany Under 19,Germany U19,Germany
15552,Germany Under 17,Germany U17,Germany
15585,Freier TuS Regensburg,Freier TuS,Germany
15586,SV Altlüdersdorf,Altlüdersdorf,Germany
15587,1. FC Union Berlin II,Union Berlin II,Germany
15588,Chemnitzer FC II,Chemnitzer FC II,Germany
15589,FSV Wacker 03 Gotha,Wacker Gotha,Germany
15798,SV Wilhelmsburg,Wilhelmsburg,Germany
15799,Scharmbeckstotel,Scharmbeckstotel,Germany
15800,Neustadt,Neustadt,Germany
15801,DSC Arminia Bielefeld e.V,Arminia Bielefeld,Germany
15802,TuRa Meldorf 1885,TuRa Meldorf,Germany
15803,SG Blau Weiß Beelitz,Blau Weiß Beelitz,Germany
15804,Klinge Seckach,Klinge Seckach,Germany
15805,ETSV Würzburg,Würzburg,Germany
15806,TB Neckarhausen,Neckarhausen,Germany
15843,VfL Bochum 1848,Bochum,Germany
15897,SKV Rot-Weiß Darmstadt 1954,Rot-Weiß Darmstadt,Germany
15898,1. FCA 04 Darmstadt,FCA Darmstadt,Germany
15899,SV Rugenbergen,Rugenbergen,Germany
15900,Bramfelder SV,Bramfelder SV,Germany
15901,TuS Germania Schnelsen,Germania Schnelsen,Germany
15914,SC Weyhe,Weyhe,Germany
15915,1. FC Burg,Burg,Germany
15916,SV 1919 Mainz-Gonsenheim,Gonsenheim,Germany
15918,SV Teutonia Uelzen,Teutonia Uelzen,Germany
15923,Niederlosheim,Niederlosheim,Germany
15924,SV Dörbach,Dörbach,Germany
15949,FSV Hollenbach,Hollenbach,Germany
15950,VfB Neckarrems,Neckarrems,Germany
16199,TSV Bordesholm,Bordesholm,Germany
16200,FC Sylt,Sylt,Germany
16201,SV Todesfelde 1928,Todesfelde,Germany
16202,SV Westfalia Rhynern,Westfalia Rhynern,Germany
16273,1.FC Lokomotive Leipzig,Lokomotive Leipzig II,Germany
16274,Tennis Borussia II,Tennis Borussia II,Germany
16327,FFC Oldesloe 2000 II,Oldesloe II,Germany
16328,TSV Eintracht Immenbeck,Eintracht Immenbeck,Germany
16329,Hamburger SV III,Hamburger SV III,Germany
16330,Bayer 04 Leverkusen II,Leverkusen II,Germany
16331,SC Freiburg II,Freiburg II,Germany
16332,Germania Pfungstadt,Pfungstadt,Germany
18851,TuS 64 Bösinghoven,Bösinghoven,Germany
18874,Eimsbütteler Turnverband,Eimsbütteler TV,Germany
18875,Fussball Club Teningen,Teningen,Germany
18914,SFC Stern 1900,Stern,Germany
18970,TSV Gersthofen,Gersthofen,Germany
18971,Sport-Club 1926 Eltersdorf,Eltersdorf,Germany
18972,Sportbund Deutsche Jugend Kraft Rosenheim,DJK Rosenheim,Germany
18973,VfL Pinneberg,Pinneberg,Germany
18974,TSV Sasel 1925,TSV Sasel,Germany
18975,SC Vier- und Marschlande,Vier- und Marschlande,Germany
18976,RSV Göttingen 05,Göttingen 05,Germany
18977,SV Holthausen-Biene,Holthausen-Biene,Germany
18978,Berliner Fußball-Club Viktoria 1889,BFC Viktoria 1889,Germany
18979,FSV Union Fürstenwalde,Union Fürstenwalde,Germany
18980,1. FC Neubrandenburg 04,Neubrandenburg 04,Germany
18981,VfB Fortuna Chemnitz,Fortuna Chemnitz,Germany
18982,FC Grün-Weiß Piesteritz,Grün-Weiß Piesteritz,Germany
19042,Südwest Ludwigshafen,Südwest Ludwigshafen,Germany
19043,TSG Kaiserslautern,TSG Kaiserslautern,Germany
19044,TGM SV Jügesheim,Jügesheim,Germany
19045,SV Rot-Weiß Hadamar,Rot-Weiß Hadamar,Germany
19151,SV Meppen,Meppen,Germany
19215,Turn- und Sportverein Mannheim-Neckarau,Neckarau,Germany
19216,Heidenauer SV,Heidenau,Germany
19217,TS Wolmertshausen,Wolmertshausen,Germany
19218,FC Riepsdorf,Riepsdorf,Germany
19252,Freiburger FC,Freiburger FC,Germany
19253,Union 92 Berlin,Union 92 Berlin,Germany
19266,FC Viktoria Köln,Viktoria Köln,Germany
19267,TuS Erndtebrück 1895,Erndtebrück,Germany
19268,TuS Dornberg,Dornberg,Germany
19269,SV Schackendorf,Schackendorf,Germany
19270,Preetzer TSV,Preetzer TSV,Germany
19271,Breitenfelder SV,Breitenfelde,Germany
19300,FC Arminia Ludwigshafen 03,Arminia Ludwigshafen,Germany
19301,SV Röchling Völklingen,Röchling Völklingen,Germany
19302,TS Woltmershausen,Woltmershausen,Germany
19303,FC Union 60 Bremen,Union Bremen,Germany
19340,SC Freiburg U19,Freiburg U19,Germany
19341,1. FC Kaiserslautern U19,Kaiserslautern U19,Germany
19342,Eintracht Frankfurt U19,Eintracht Frankfurt U19,Germany
19343,VfB Stuttgart U19,VfB Stuttgart U19,Germany
19344,1. FC Saarbrücken U19,Saarbrücken U19,Germany
19345,SV Waldhof Mannheim U19,Waldhof Mannheim U19,Germany
19346,SpVgg Greuther Fürth U19,Greuther Fürth U19,Germany
19347,1. FSV Mainz 05 U19,Mainz 05 U19,Germany
19348,FC Bayern München U19,Bayern München U19,Germany
19349,TSV 1860 München U19,1860 München U19,Germany
19350,TSG 1899 Hoffenheim U19,Hoffenheim U19,Germany
19351,SpVgg Unterhaching U19,Unterhaching U19,Germany
19352,Karlsruher SC U19,Karlsruher SC U19,Germany
19353,1. FC Nürnberg U19,Nürnberg U19,Germany
19354,Bonner SC U19,Bonner SC U19,Germany
19355,SC Preußen Münster U19,Preußen Münster U19,Germany
19356,MSV Duisburg U19,MSV Duisburg U19,Germany
19357,FC Schalke 04 U19,Schalke 04 U19,Germany
19358,VfL Borussia Mönchengladbach U19,Borussia M'gladbach U19,Germany
19359,1. FC Köln U19,Köln U19,Germany
19360,BV Borussia 09 Dortmund Under 19,Borussia Dortmund U19,Germany
19361,Wuppertaler SV U19,Wuppertaler SV U19,Germany
19362,Fortuna Düsseldorf Under 19,Fortuna Düsseldorf U19,Germany
19363,Alemannia Aachen U19,Alemannia Aachen U19,Germany
19364,SC Rot-Weiß Oberhausen U19,Rot-Weiß Oberhausen U19,Germany
19365,Rot Weiss Ahlen U19,Rot Weiss Ahlen U19,Germany
19366,VfL Bochum U19,Bochum U19,Germany
19367,Bayer 04 Leverkusen U19,Bayer Leverkusen U19,Germany
19368,FC Energie Cottbus U19,Energie Cottbus U19,Germany
19369,FC St. Pauli U19,St. Pauli U19,Germany
19370,Hamburger SV U19,Hamburger SV U19,Germany
19371,Hallescher FC U19,Hallescher FC U19,Germany
19372,1. FC Union Berlin U19,Union Berlin U19,Germany
19373,VfL Oldenburg U19,VfL Oldenburg U19,Germany
19374,FC Hansa Rostock U19,Hansa Rostock U19,Germany
19375,Hannoverscher SV 1896 U19,Hannover 96 U19,Germany
19376,SV Werder Bremen U19,Werder Bremen U19,Germany
19377,VfL Osnabrück U19,Osnabrück U19,Germany
19378,Hertha BSC U19,Hertha BSC U19,Germany
19379,VfL Wolfsburg U19,Wolfsburg U19,Germany
19380,Hertha 03 Zehlendorf U19,Hertha Zehlendorf U19,Germany
19381,FC Rot-Weiß Erfurt U19,Rot-Weiß Erfurt U19,Germany
19443,1. FC Köln II,Köln II,Germany
19444,SG Eintracht 05 Wetzlar,Eintracht Wetzlar,Germany
19445,BSV Al Dersimspor,Dersimspor,Germany
19446,Chemnitzer FC,Chemnitzer FC,Germany
19506,Sportfreunde Wüsting-Altmoorhausen,Wüsting-Altmoorhausen,Germany
19508,SV Werder Bremen II,Werder Bremen II,Germany
19509,SV Furpach,Furpach,Germany
19510,TuS Rodenbach,Rodenbach,Germany
20101,LSV Hamburg,LSV Hamburg,Germany
20103,Berliner FC Vorwärts 1890,Berliner FC Vorwärts,Germany
20104,Duisburger Spielverein 1900,Duisburger SpV,Germany
20105,Karlsruher FV,Karlsruher FV,Germany
20106,SpVgg Blau-Weiß 1890 Berlin,SpVgg Blau-Weiß 1890 Berlin,Germany
20107,DFC Prag,DFC Prag,Germany
21614,FC Kray,Kray,Germany
21644,FC Augsburg II,Augsburg II,Germany
21670,FC Hennef 05,Hennef 05,Germany
21672,TV Derendingen,Derendingen,Germany
21673,TSV Schott Mainz,Schott Mainz,Germany
21674,PSV Freiburg,PSV Freiburg,Germany
21675,SSC Hagen Ahrensburg,Hagen Ahrensburg,Germany
21676,SG Leipziger Verkehrsbetriebe,LVB,Germany
21677,DJK Saarwellingen,Saarwellingen,Germany
21678,ESV Fortuna Celle,Fortuna Celle,Germany
21679,Sportfreunde 1930 Uevekoven,Sportfreunde Uevekoven,Germany
21680,ATS Buntentor,Buntentor,Germany
21681,FC Borussia Brandenburg,Borussia Brandenburg,Germany
21844,SV Lichtenberg 47,Lichtenberg,Germany
21845,SV Waren 09,Waren,Germany
21846,RSV Waltersdorf 1909,Waltersdorf,Germany
21847,VSG Altglienicke,Altglienicke,Germany
21848,FC Pommern Greifswald,Pommern Greifswald,Germany
21849,SC Viktoria 06 Griesheim,Viktoria Griesheim,Germany
21850,FC 1931 Eddersheim,Eddersheim,Germany
21859,TSG 1899 Hoffenheim II,Hoffenheim II,Germany
21860,FC Memmingen,Memmingen,Germany
21861,Eintracht Frankfurt,Eintracht Frankfurt,Germany
21864,FC Carl Zeiss Jena U19,Carl Zeiss Jena U19,Germany
21865,Chemnitzer FC U19,Chemnitzer FC U19,Germany
21866,Kieler SV Holstein 1900 U19,Holstein Kiel U19,Germany
21867,DSC Arminia Bielefeld U19,Arminia Bielefeld U19,Germany
21868,SC Fortuna Köln U19,Fortuna Köln U19,Germany
21869,Rot-Weiss Essen U19,Rot-Weiss Essen U19,Germany
21870,FC Augsburg U19,Augsburg U19,Germany
21871,FSV Frankfurt Under 19,FSV Frankfurt U19,Germany
21872,SV Stuttgarter Kickers U19,Stuttgarter Kickers U19,Germany
21873,1. FC Germania Egestorf-Langreder,Germania Egestorf,Germany
21874,SSV Jeddeloh,Jeddeloh,Germany
22141,TSV Aubstadt,Aubstadt,Germany
22142,DJK Ammerthal,Ammerthal,Germany
22143,FC Amberg,Amberg,Germany
22144,SV Alemannia Haibach,Alemannia Haibach,Germany
22145,SpVgg Selbitz,Selbitz,Germany
22146,SpVgg Jahn Forchheim,Jahn Forchheim,Germany
22147,ASV Hollfeld,Hollfeld,Germany
22148,ASV Neumarkt,Neumarkt,Germany
22149,DJK Don Bosco Bamberg,DJK Bamberg,Germany
22150,1. FC Sand,1. FC Sand,Germany
22151,TSV Kleinrinderfeld,Kleinrinderfeld,Germany
22152,1. FC Trogen,Trogen,Germany
22153,FC Affing,Affing,Germany
22154,BCF Wolfratshausen,Wolfratshausen,Germany
22155,TSV Kottern-St. Mang,Kottern,Germany
22156,TSV Schwabmünchen,Schwabmünchen,Germany
22157,1. FC Sonthofen,Sonthofen,Germany
22158,VfB Eichstätt,Eichstätt,Germany
22159,SpVgg Grün-Weiss Deggendorf,Deggendorf,Germany
22160,SpVgg Hankofen-Hailing,Hankofen-Hailing,Germany
22161,FC Unterföhring,Unterföhring,Germany
22162,BC Aichach,Aichach,Germany
22163,SpVgg Landshut,Landshut,Germany
22164,SG Blau-Gelb Laubsdorf,Blau-Gelb Laubsdorf,Germany
22165,FC Einheit Rudolstadt,Einheit Rudolstadt,Germany
22166,Heidenauer SV,Heidenauer SV,Germany
22167,Hallescher FC II,Hallescher FC II,Germany
22168,FSV Wacker 90 Nordhausen,Wacker Nordhausen,Germany
22169,FC Elmshorn 1920,Elmshorn,Germany
22170,FSV 08 Bissingen,Bissingen,Germany
22171,FC Singen 04,Singen,Germany
22172,TSV Grunbach,Grunbach,Germany
22173,SV 1919 Sonsbeck,Sonsbeck,Germany
22174,VfL Rhede,Rhede,Germany
22175,SV Uedesheim,Uedesheim,Germany
22176,Sportfreunde Baumberg,SF Baumberg,Germany
22177,TV Jahn Dinslaken-Hiesfeld,Jahn Dinslaken-Hiesfeld,Germany
22178,SV Hönnepel-Niedermörmter,Hönnepel-Niedermörmter,Germany
22179,Sportfreunde Hamborn 07,SF Hamborn,Germany
22180,Cronenberger SC,Cronenberger SC,Germany
22181,SC 1911 Kapellen-Erft,Kapellen-Erft,Germany
22182,Ratinger Spvg Germania 04/19,Germania Ratingen,Germany
22183,SC Rot-Weiß Oberhausen 1904 II,Rot-Weiß Oberhausen II,Germany
22184,VfR Krefeld-Fischeln,Krefeld-Fischeln,Germany
22185,1. FC Wülfrath,Wülfrath,Germany
22221,SV Germania Hauenhorst,Germania Hauenhorst,Germany
22222,SV Eintracht Leipzig-Süd,Eintracht Leipzig-Süd,Germany
22223,1. FC Gievenbeck,Gievenbeck,Germany
22224,SC Roland Beckum,Roland Beckum,Germany
22225,TuS Ennepetal,Ennepetal,Germany
22226,SuS 09 Neuenkirchen,Neuenkirchen,Germany
22227,TuS Heven 09,Heven,Germany
22249,TuRa Meldorf,TuRa Meldorf,Germany
22250,FC Dornbreite Lübeck,Dornbreite Lübeck,Germany
22251,TuS Hartenholm,Hartenholm,Germany
22252,SSC Hagen Ahrensburg,Hagen Ahrensburg,Germany
22253,SC Halberg Brebach,Halberg Brebach,Germany
22254,TSG Pfeddersheim,Pfeddersheim,Germany
22255,SV Mehring,Mehring,Germany
22256,TSC Euskirchen,Euskirchen,Germany
22257,TSV Hertha Walheim,Hertha Walheim,Germany
22258,FC Viktoria 08 Arnoldsweiler,Viktoria Arnoldsweiler,Germany
22259,SC Germania Erftstadt-Lechenich,Germania Erftstadt,Germany
22260,SG Köln-Worringen,Köln-Worringen,Germany
22261,FC Hürth,Hürth,Germany
22262,Hilal Maroc Bergheim,Hilal Maroc Bergheim,Germany
22263,Spvg Wesseling-Urfeld,Wesseling-Urfeld,Germany
22264,VfL Alfter,Alfter,Germany
22265,SF Troisdorf,Troisdorf,Germany
22266,SC Brühl,SC Brühl,Germany
22395,FC Marnheim,Marnheim,Germany
22475,Bramfelder SV,Bramfelder SV,Germany
22476,VfL Wolfsburg II,Wolfsburg II,Germany
22485,SC Lehe-Spaden,Lehe-Spaden,Germany
22486,SC Sparta Bremerhaven,Sparta Bremerhaven,Germany
22908,SV Eintracht Trier 05 Under 19,Eintracht Trier U19,Germany
22909,Rasen Ballsport Leipzig Under 19,RB Leipzig U19,Germany
22910,VfB Lübeck Under 19,Lübeck U19,Germany
24379,Neckarsulmer Sport Union,Neckarsulmer SU,Germany
24380,Potsdamer Kickers,Potsdamer Kickers,Germany
24432,FC Viktoria 1889 Berlin Lichterfelde-Tempelhof,Viktoria Berlin,Germany
24439,SV Erlenbach am Main,Erlenbach,Germany
24440,SV Pullach im Isartal,Pullach,Germany
24441,FC Pipinsried,Pipinsried,Germany
24442,TSV 1883 Bogen,Bogen,Germany
24443,SV Raisting,Raisting,Germany
24444,VfR Garching,Garching,Germany
24467,SC Alstertal-Langenhorn,Alstertal-Langenhorn,Germany
24468,SV Blankenese,Blankenese,Germany
24469,TuS Dassendorf,Dassendorf,Germany
24507,Berliner SV Hürtürkel,Hürtürkel,Germany
24508,FC Strausberg,Strausberg,Germany
24509,SV Gläserzell,Gläserzell,Germany
24548,SG Union Sandersdorf,Union Sandersdorf,Germany
24570,FC Viktoria 1889 Berlin Lichterfelde-Tempelhof,Viktoria Berlin,Germany
24571,Frauenfußballverein Leipzig,FFV Leipzig,Germany
24572,FC Viktoria 1889 Berlin Lichterfelde-Tempelhof II,Viktoria Berlin II,Germany
24573,Frauenfußballverein Leipzig II,FFV Leipzig II,Germany
24574,MSV Wernigerode,Wernigerode,Germany
24611,1. FC Wunstorf,Wunstorf,Germany
24612,Turnerbund Uphusen,TB Uphusen,Germany
24613,I. SC Göttingen,I. SC Göttingen,Germany
24679,FC Ederbergland,Ederbergland,Germany
24680,Sportfreunde Seligenstadt,SF Seligenstadt,Germany
24681,SV Wiesbaden 1899,SV Wiesbaden,Germany
24682,TSV Lehnerz,Lehnerz,Germany
24759,PSV Wesel-Lackhausen,Wesel-Lackhausen,Germany
24760,VfB 03 Hilden,Hilden,Germany
24762,SGS Essen 19/68 II,SGS Essen II,Germany
24763,SV Eintracht Solingen,Eintracht Solingen,Germany
24764,VfL Bochum 1848 II,Bochum II,Germany
24779,SG Dynamo Dresden U19,Dynamo Dresden U19,Germany
24780,SV Wacker Burghausen U19,Wacker Burghausen U19,Germany
24781,FC Astoria Walldorf U19,Astoria Walldorf U19,Germany
24782,VfL Theesen U19,Theesen U19,Germany
24818,FC Hertha Wiesbach,Hertha Wiesbach,Germany
24819,Spvgg Burgbrohl,Burgbrohl,Germany
24820,1. FC Bruchsal,Bruchsal,Germany
24821,1. FC Heidenheim 1846 II,Heidenheim II,Germany
24822,FV Ravensburg,Ravensburg,Germany
24823,SV Oberachern,Oberachern,Germany
24824,SV Eichede II,Eichede II,Germany
24825,TSV Schilksee,Schilksee,Germany
24828,SV Henstedt-Ulzburg,Henstedt-Ulzburg,Germany
24864,1. FC Magdeburg Under 19,Magdeburg U19,Germany
24865,Niendorfer TSV Under 19,Niendorfer TSV U19,Germany
24866,TuS Koblenz 1911 U19,Koblenz U19,Germany
24867,SV 07 Elversberg Under 19,Elversberg U19,Germany
24883,SSV Merten 1925,SSV Merten,Germany
24884,SV Schwarz-Weiß Nierfeld 1929,SW Nierfeld,Germany
24885,SV Rödinghausen,Rödinghausen,Germany
24886,SV Zweckel,Zweckel,Germany
25718,Magdeburger SV 90 Preussen,MSV 90 Preussen,Germany
26094,TSV Rosenberg,TSV Rosenberg,Germany
26095,VfR Gommersdorf,VfR Gommersdorf,Germany
26096,SG Oftersheim,SG Oftersheim,Germany
26097,FC Grünsfeld,FC Grünsfeld,Germany
26098,TSV Höpfingen,TSV Höpfingen,Germany
26099,VfB St. Leon,St. Leon,Germany
26100,SV Kickers Pforzheim,Kickers Pforzheim,Germany
26101,1. CfR Pforzheim,CfR Pforzheim,Germany
26102,Sportfreunde Dinkelsbühl,Sportfreunde Dinkelsbühl,Germany
26103,TSV Nördlingen,Nördlingen,Germany
26104,SSC Südwest 1947 Berlin,Südwest Berlin,Germany
26105,Berliner SC,Berliner SC,Germany
26106,FC Hertha 03 Zehlendorf,Hertha Zehlendorf,Germany
26107,Charlottenburger FC Hertha 06 Berlin,CFC Hertha,Germany
26108,TSV Rudow 1888,Rudow,Germany
26109,SC Charlottenburg Berlin,SCC Berlin,Germany
26110,SC Gatow,Gatow,Germany
26111,SC Staaken 1919 Berlin,Staaken,Germany
26112,SC Eintracht Miersdorf / Zeuthen,Miersdorf / Zeuthen,Germany
26113,Werderaner FC Viktoria,Werderaner Viktoria,Germany
26114,VfB Hohenleipisch 1912,Hohenleipisch,Germany
26115,SV Victoria Seelow,Victoria Seelow,Germany
26116,FC Schwedt 02,Schwedt,Germany
26117,TuS Sachsenhausen,Sachsenhausen,Germany
26118,SG 47 Bruchmühle,Bruchmühle,Germany
26119,Eisenhüttenstädter FC Stahl,EFC Stahl,Germany
26120,Regionaler SV Eintracht 1949,RSV Eintracht,Germany
26121,TuS Osdorf,Osdorf,Germany
26122,Blau-Weiß 96 Schenefeld,Blau-Weiß Schenefeld,Germany
26123,Dersimspor Hamburg,Dersimspor,Germany
26124,1. Hanauer FC,Hanau,Germany
26125,Großenritter SV Eintracht Baunatal,Eintracht Baunatal,Germany
26126,VfB Ginsheim,Ginsheim,Germany
26127,TSV Steinbach,Steinbach,Germany
26128,SSV Sand,SSV Sand,Germany
26129,Turnerschaft Ober-Roden,TS Ober-Roden,Germany
26130,Sportfreunde Blau-Gelb Marburg,SF BG Marburg,Germany
26131,TuS Dietkirchen,Dietkirchen,Germany
26132,MSV Pampow,Pampow,Germany
26133,FSV 1919 Malchin,Malchin,Germany
26134,TSV Friedland 1814,Friedland,Germany
26135,Sievershäger SV,Sievershäger SV,Germany
26136,Grimmener SV,Grimmener SV,Germany
26137,Vorpommersche FC Anklam,VFC Anklam,Germany
26138,Rostocker FC,Rostocker FC,Germany
26139,SC Borussia Lindenthal-Hohenlind,Borussia Lindenthal,Germany
26140,FC Inde Hahn,Inde Hahn,Germany
26141,Kaller SC,Kaller SC,Germany
26142,FV Wiehl 2000,Wiehl,Germany
26143,SV Brachelen,Brachelen,Germany
26144,TFC Inter Troisdorf,Inter Troisdorf,Germany
26145,FC Leverkusen,FC Leverkusen,Germany
26146,TSV 05 Ronsdorf,Ronsdorf,Germany
26147,SV 08/​29 Friedrichsfeld,Friedrichsfeld,Germany
26148,TV Dinklage,Dinklage,Germany
26149,SV Morbach,Morbach,Germany
26150,SG Badem,Badem,Germany
26151,SG Ellscheid,Ellscheid,Germany
26152,TSV Emmelshausen,Emmelshausen,Germany
26153,SG Ellingen,Ellingen,Germany
26154,SG Altenkirchen,Altenkirchen,Germany
26155,TuS Oberwinter,Oberwinter,Germany
26156,SG 2000 Mülheim-Kärlich,Mülheim-Kärlich,Germany
26157,DJK Bildstock,Bildstock,Germany
26158,FV Schwalbach,Schwalbach,Germany
26159,VfB Dillingen,Dillingen,Germany
26160,SC Großrosseln,Großrosseln,Germany
26161,SV Saar 05 Saarbrücken Jugenfussball,Saar Saarbrücken,Germany
26162,SV Bübingen,Bübingen,Germany
26163,TuS Steinbach 1898,TuS Steinbach,Germany
26164,TSV Cossebaude,Cossebaude,Germany
26165,BSG Stahl Riesa,Stahl Riesa,Germany
26166,VfB Zwenkau 02,Zwenkau,Germany
26167,NFV Gelb-Weiß Görlitz,Gelb-Weiß Görlitz,Germany
26168,SV Germania Mittweida,Germania Mittweida,Germany
26169,BSV Gelenau,Gelenau,Germany
26170,BSG Chemie Leipzig,Chemie Leipzig,Germany
26171,SG Rot-Weiß Thalheim,Rot-Weiß Thalheim,Germany
26172,1. FC Weißenfels,Weißenfels,Germany
26173,Burger BC,Burger BC,Germany
26174,FSV Barleben,Barleben,Germany
26175,Eisenbahnersportgemeinschaft Halle,ESG Halle,Germany
26176,TV Askania Bernburg,Askania Bernburg,Germany
26177,SV Braunsbedra,Braunsbedra,Germany
26178,SV Förderstedt,Förderstedt,Germany
26179,1. FC Romonta Amsdorf,Romonta Amsdorf,Germany
26180,SV Irxleben,Irxleben,Germany
26181,Oldenburger SV,Oldenburger SV,Germany
26182,Büchen-Siebeneichener SV,Büchen-Siebeneichener SV,Germany
26183,FV Lörrach-Brombach,Lörrach-Brombach,Germany
26184,SV Weil 1910,Weil,Germany
26185,VfR Hausen an der Möhlin,Hausen,Germany
26186,FC Bötzingen,Bötzingen,Germany
26187,SV Waldkirch,Waldkirch,Germany
26188,FC Bad Dürrheim,Bad Dürrheim,Germany
26189,Lahrer FV 03,Lahrer FV,Germany
26190,SV Stadelhofen,Stadelhofen,Germany
26191,1. SV Mörsch,Mörsch,Germany
26193,VfL Rüdesheim,Rüdesheim,Germany
26194,TB Jahn Zeiskam,Jahn Zeiskam,Germany
26195,ASV Fußgönheim,Fußgönheim,Germany
26196,Türkisch-Deutscher SV Mutterstadt,TDSV Mutterstadt,Germany
26197,TSV Schott Mainz,Schott Mainz,Germany
26198,SG Rieschweiler,Rieschweiler,Germany
26199,SV Grün-Weiß Siemerode,Grün-Weiß Siemerode,Germany
26200,1. FC Sonneberg,Sonneberg,Germany
26201,FC Thüringen Weida,Thüringen Weida,Germany
26202,SV Wacker Bad Salzungen,Wacker Bad Salzungen,Germany
26203,FC Blau-Weiß Dachwig-Döllstädt,BW Dachwig-​Döllstädt,Germany
26204,SG Bad Lobenstein / ​Helmsgrün,Lobenstein / ​Helmsgrün,Germany
26205,FC Eisenach,Eisenach,Germany
26206,SV Blau Weiss 90 Neustadt /​ Orla,BW Neustadt /​ Orla,Germany
26207,BSG Wismut Gera,Wismut Gera,Germany
26208,1. SC 1911 Heiligenstadt,Heiligenstadt,Germany
26209,Suryoye Paderborn,Suryoye Paderborn,Germany
26210,SV Brilon,Brilon,Germany
26211,DJK TuS Hordel,Hordel,Germany
26212,SC Herford,Herford,Germany
26213,SuS Stadtlohn,Stadtlohn,Germany
26214,Werler Turnverein Preußen,Preußen TV Werl,Germany
26215,TSV Marl-Hüls,Marl-Hüls,Germany
26216,FC Wangen,Wangen,Germany
26217,SV Ebnat,Ebnat,Germany
26218,TSV Ilshofen,Ilshofen,Germany
26219,TSV Heimerdingen,Heimerdingen,Germany
26220,SV Böblingen,Böblingen,Germany
26221,VfL Brackenheim,Brackenheim,Germany
26222,FV Ravensburg II,Ravensburg II,Germany
26223,SV Nehren,Nehren,Germany
26224,SV Zimmern ob Rottweil,Zimmern,Germany
26225,FV Olympia Laupheim,Olympia Laupheim,Germany
26226,SC Geislingen,Geislingen,Germany
27448,1. FC Wilmersdorf,Wilmersdorf,Germany
27571,Germany Under 23,Germany U23,Germany
27949,Germany Under 18,Germany U18,Germany
28085,Heeslinger SC,Heeslinger SC,Germany
28955,1. FFC Frankfurt III,FFC Frankfurt III,Germany
28957,FC Ingolstadt 04,Ingolstadt,Germany
28959,SG 99 Andernach,Andernach,Germany
28961,SC 2013 Bad Neuenahr,Bad Neuenahr,Germany
28963,FFV Fortuna Göcklingen,Fortuna Göcklingen,Germany
28965,Düsseldorfer CfR links,CfR links,Germany
28967,Warendorfer SU,Warendorfer SU,Germany
28969,SV Heidekraut Andervenne,Heidekraut,Germany
28971,TSV Limmer,Limmer,Germany
29161,SV Erlbach,Erlbach,Germany
29181,SV Frisia 03 Risum-Lindholm,Frisia 03 Risum-Lindholm,Germany
29183,TSV Gadeland,Gadeland,Germany
29185,SSV Güster,Güster,Germany
29295,FC Bergheim 2000,Bergheim,Germany
29297,VfL Leverkusen,VfL Leverkusen,Germany
29299,SV 1914 Eilendorf,Eilendorf,Germany
29301,SC Spelle-Venhaus 1946 e.V.,Spelle-Venhaus,Germany
29405,FV 07 Diefflen,Diefflen,Germany
29539,1. FC Mönchengladbach Under 19,1. FC M'gladbach U19,Germany
29543,SV Meppen Under 19,Meppen U19,Germany
29545,Eintracht Braunschweig Under 19,Eintracht Braunschw U19,Germany
29575,VdS 1920 Nievenheim,Nievenheim,Germany
29679,VfR Aalen 1921 II,Aalen II,Germany
29681,FC Germania Friedrichstal,Germania Friedrichstal,Germany
29685,TSV 1882 Landsberg am Lech,Landsberg,Germany
29687,TSV 1865 Dachau,Dachau,Germany
29689,Deutsche Jugend Kraft Vilzing 1967,Vilzing,Germany
29691,TSV Neudrossenfeld,Neudrossenfeld,Germany
29697,SpVgg 05 Frankfurt-Oberrad,Oberrad,Germany
29699,Buxtehuder SV 1862,Buxtehude,Germany
29701,FC Süderelbe,Süderelbe,Germany
29737,Leher Turnerschaft,Leher TS,Germany
29739,TSV Grolland,Grolland,Germany
29771,VfR Aalen 1921 Under 19,Aalen U19,Germany
29965,Sport-Club Aplerbeck 09 Dortmund,ASC Dortmund,Germany
29967,Rasen Ballsport Leipzig II,RB Leipzig II,Germany
29969,Eutin SV 1908,Eutin 08,Germany
29971,FC Angeln 02,Angeln 02,Germany
30385,SV Union Meppen,Union Meppen,Germany
30387,SV Blau-Weiß Berlin,Blau-Weiß Berlin,Germany
30389,SpVgg Rommelshausen,Rommelshausen,Germany
30391,1. FC Riegelsberg,Riegelsberg,Germany
30393,1. FFC Bergisch Gladbach,Bergisch Gladbach,Germany
30395,TSC Vahdet Braunschweig,Vahdet Braunschweig,Germany
30433,SV Gonsenheim Under 19,Gonsenheim U19,Germany
30435,Flensburg 08 Under 19,Flensburg 08 U19,Germany
31019,TuS Metzingen,Metzingen,Germany
31021,Sportfreunde Dorfmerkingen,Spfr. Dorfmerkingen,Germany
31023,SV Schluchtern,Schluchtern,Germany
31025,TSV Weilheim an der Teck,Weilheim Teck,Germany
31027,SV Ebersbach an der Fils,Ebersbach an der Fils,Germany
31029,TSV Berg,Berg,Germany
31213,FC Neustadt,FC Neustadt,Germany
31215,TuS Oppenau,Oppenau,Germany
31217,FSV Rot-Weiß Stegen,Rot Weiß Stegen,Germany
31219,SV Endingen,Endingen,Germany
31221,VfR Achern,Achern,Germany
31223,FV Schutterwald,Schutterwald,Germany
31225,FC Radolfzell,Radolfzell,Germany
31227,SV Solvay Freiburg,Solvay Freiburg,Germany
31229,FC Schatthausen,Schatthausen,Germany
31231,FC Lohrbach,Lohrbach,Germany
31233,FC 1946 Rauenberg,Rauenberg,Germany
31235,TSV 1887 Wieblingen,Wieblingen,Germany
31237,SV Langensteinbach,Langensteinbach,Germany
31239,FV 1918 Brühl,FV Brühl,Germany
31241,TSV Amicitia Viernheim,Amicitia Viernheim,Germany
31243,SpVgg. Durlach-Aue,Durlach Aue,Germany
31641,SV Nieder-Wöllstadt,Nieder-Wöllstadt,Germany
31643,SV 07 Geinsheim,Geinsheim,Germany
31645,SSV Lindheim,Lindheim,Germany
31647,VfB 1900 Giessen,Giessen,Germany
31649,FV 09 Breidenbach,Breidenbach,Germany
31727,TSV Chemie Premnitz,Chemie Premnitz,Germany
31729,VfB Krieschow 1921,Krieschow,Germany
31731,SV Schwarz-Rot Neustadt,SR Neustadt,Germany
31733,SV Blau-Weiß Petershagen-Eggersdorf,Petershagen-Eggersdorf,Germany
31735,SV Grün-Weiß Brieselang,Grün-Weiß Brieselang,Germany
31765,VfL 1907 Neustadt,VfL Neustadt,Germany
31767,FV 1920 Dudenhofen,Dudenhofen,Germany
31769,SG 1946 Hüffelsheim/Niederhausen,Hüffelsheim/Niederhausen,Germany
31771,SV 1931 Hermersberg,SV Hermersberg,Germany
31773,TSG 1846 Bretzenheim,Bretzenheim,Germany
31785,FSV 06 Ohratal Ohrdruf,Ohratal Ohrdruf,Germany
31787,SG SV Motor Altenburg,Motor Altenburg,Germany
31789,SpVgg Geratal,Geratal,Germany
31791,SV Elstertal Silbitz/Crossen,El. Silbitz/Crossen,Germany
31793,SpVgg Siebleben 06,Siebleben,Germany
31795,SV Borsch 1925,SV Borsch,Germany
31797,SV Eintracht Eisenberg,Eintracht Eisenberg,Germany
31799,BSV Eintracht Sondershausen,Eintracht Sondershausen,Germany
31801,FC Mecklenburg Schwerin,Mecklenburg Schwerin,Germany
31803,SG Dynamo Schwerin,Dynamo Schwerin,Germany
31805,FC Förderkader Rene Schneider,Rene Schneider,Germany
31807,SV Pastow,Pastow,Germany
31809,SpVgg Cambs-Leezen Traktor,Cambs-Leezen Traktor,Germany
31811,Hagenower SV,Hagenower,Germany
31813,FV Dresden 06 Laubegast,Dresden Laubegast,Germany
31815,FV Eintracht Niesky,Eintracht Niesky,Germany
31817,Bischofswerdaer FV 08,Bischofswerdaer,Germany
31819,FC International Leipzig,International Leipzig,Germany
31821,Post SV Dresden,Post Dresden,Germany
31823,SG Leipziger Verkehrsbetriebe,LVB,Germany
31825,BSC Freiberg,BSC Freiberg,Germany
31827,VfL 05 Hohenstein-Ernstthal,Hohenstein-Ernstthal,Germany
31829,SV Eintracht Elster,Eintracht Elster,Germany
31831,SV Merseburg,Merseburg,Germany
31833,SV Eintracht Emseloh,Eintracht Emseloh,Germany
31835,1. FC Bitterfeld-Wolfen,Bitterfeld-Wolfen,Germany
31837,Oscherslebener SC 1990,Oscherslebener,Germany
31839,TV Kalkum-Wittlaer,Kalkum-Wittlaer,Germany
31841,1. FC Mönchengladbach 1894,1. FC M'gladbach,Germany
31857,DJK Teutonia St.Tönis 1920,Teutonia St.Tönis,Germany
32139,SC 1893 Friedrichsthal,SC Friedrichsthal,Germany
32141,SV Weiskirchen 1926,Weiskirchen,Germany
32143,SG 1930 Gresaubach,SG Saubach,Germany
32149,SV Hülzweiler,Hülzweiler,Germany
32157,SV 1911 Klarenthal,Klarenthal,Germany
32165,SV Habach 1957,Habach,Germany
32167,SV Preußen 1919 Merchweiler,SV Merchweiler,Germany
32183,Borussia Monchengladbach Under 21,Borussia M'gladbach U21,Germany
32187,FC Schalke 04 Under 21,Schalke 04 U21,Germany
32195,CSV SF Bochum-Linden,Bochum-Linden,Germany
32197,SpVgg Vreden 1921 e.V.,Vreden,Germany
32199,BSV Schüren,Schüren,Germany
32201,Concordia Wiemelhausen,Concordia Wiemelhausen,Germany
32203,SpVg. Olpe 1919,Olpe,Germany
32205,SC Buer Hassel 1919,Hassel,Germany
32207,1. FC Kaan-Marienborn 07,Kaan-Marienborn,Germany
32305,SG Union 94 Würm-Lindern,Union 94 Würm-Lindern,Germany
32307,VfR Wipperfürth 1914,Wipperfürth,Germany
32309,SV Schlebusch 1923,Schlebusch,Germany
32311,1. FC Heinsberg-Lieck,Heinsberg-Lieck,Germany
32313,Siegburger SV 04,Siegburger,Germany
32315,TuS 05 Oberpleis,Oberpleis,Germany
32317,SV Rott 1927,Rott,Germany
32375,VfB Wissen 1914,Wissen,Germany
32377,TuS Rot-Weiss Koblenz,TuS RW Koblenz,Germany
32379,Wiedbachtaler Sportfreunde Neitersen,SG Neitersen,Germany
32381,FC Blau Weiß Karbach,Karbach,Germany
32383,SV Eintracht Irsch,SG Irsch,Germany
32385,SV Leiwen-Köwerich 2000,Leiwen-Köwerich,Germany
32387,DJK Buchholz,SG Buchholz,Germany
32389,SG 99 Andernach,Andernach,Germany
32391,SG Zell,Zell,Germany
32592,SV Billstedt-Horn 1891,Billstedt-Horn,Germany
32593,TuS Berne,TuS Berne,Germany
32594,TSV Seestermühe Marsch 1924,Seestermühe,Germany
32595,SC Schwarzenbek 1916,Schwarzenbek,Germany
32596,SV Este 06/70,Este 06/70,Germany
32598,Blau Weiss Hohen Neuendorf,Hohen Neuendorf,Germany
32599,1.FC Schöneberg,Schöneberg,Germany
32600,BSV Eintracht Mahlsdorf,Eintracht Mahlsdorf,Germany
32601,SF Johannisthal,Johannisthal,Germany
32602,1.FC Galatasaray Spandau,Galatasaray Spandau,Germany
32739,SC Borgfeld,Borgfeld,Germany
33051,Germany Under 16,Germany U16,Germany
33326,TSB Flensburg,TSB Flensburg,Germany
33327,FC Eintracht Cuxhaven 01,Eintracht Cuxhaven,Germany
33713,ASV Zirndorf,ASV Zirndorf,Germany
33723,Fanclub Red Power,Fanclub Red Power,Germany
33737,SG Berlebeck-Heiligenkirchen,Berlebeck-Heiligenkirch.,Germany
33766,TSV 03 Urbach,TSV 03 Urbach,Germany
33767,SV Grün-Weiss Wasungen,Grün-Weiss Wasungen,Germany
33773,TSV 1872 Langenwetzendorf,Langenwetzendorf,Germany
33774,FSV Martinroda,Martinroda,Germany
33780,SV Trusetal 05,SV Trusetal,Germany
33781,SV Kirchanschöring,Kirchanschöring,Germany
33785,MTV Barum,MTV Barum,Germany
33791,SC Hessen Dreieich,Hessen Dreieich,Germany
33792,Hetlinger MTV,Hetlinger MTV,Germany
33805,ASV Burglengenfeld,Burglengenfeld,Germany
33806,SpVgg 1946 Ruhmannsfelden-Zachenberg,Ruhmannsfelden,Germany
33807,Teutonia Watzenborn-Steinberg,Teutonia WS,Germany
33814,Württemberg,Württemberg,Germany
33819,SG Gangelt-Hastenrath 1999,SGGH99,Germany
33832,TuS Haltern am See,TuS Haltern,Germany
33836,1. FC Lübars,Lübars,Germany
33986,Haimbacher SV,Haimbacher,Germany
34042,SpVgg Baiertal,Baiertal,Germany
34043,FC Zuzenhausen,Zuzenhausen,Germany
34076,VfB Gartenstadt,Gartenstadt,Germany
34108,FSV Hessen Wetzlar,Hessen Wetzlar,Germany
34116,1. FC Frankfurt,FC Frankfurt,Germany
34117,SC Weimar,Weimar,Germany
34131,FK Pirmasens II,Pirmasens II,Germany
34132,FSV Viktoria Jägersburg 1928,Jägersburg,Germany
34134,TSG Sprockhövel 1881 Under 19,Sprockhövel U19,Germany
34135,FC Ingolstadt 04 Under 19,Ingolstadt U19,Germany
34136,1. FC Heidenheim 1846 Under 19,Heidenheim U19,Germany
34137,SV Darmstadt 1898 Under 19,Darmstadt 98 U19,Germany
34138,TSV Havelse Under 19,Havelse U19,Germany
34139,FC Viktoria 1889 Berlin Lichterfelde-Tempelhof Under 19,Viktoria Berlin U19,Germany
34140,TV Jahn Schneverdingen,Jahn Schneverdingen,Germany
34197,FC Türkiye Wilhelmsburg,Türkiye,Germany
34199,SC Düsseldorf West,Düsseldorf West,Germany
34201,TSV Meerbusch,Meerbusch,Germany
34202,Spvg Schonnebeck 1910,Schonnebeck,Germany
34206,SV Frauenbiburg,Frauenbiburg,Germany
34207,SC Opel Rüsselsheim,Opel Rüsselsheim,Germany
34208,SC Sand II,Sand II,Germany
34209,SV Budberg,Budberg,Germany
34210,Vorwärts Spoho Köln,Vorwärts Köln,Germany
34211,TSV DUWO 08 Hamburg,DUWO 08,Germany
34233,Turnverein Herkenrath 09 e.V.,TV Herkenrath,Germany
34234,Spielverein 1910 Breinig e.V.,SV Breinig,Germany
34235,FC Blau-Weiß Friesdorf,Blau-Weiß Friesdorf,Germany
34236,SV Steinbach 1920 e.V.,Steinbach 1920,Germany
34237,SC Paderborn 07 II (U23),Paderborn 07 II,Germany
34258,Gettorfer SC,Gettorfer SC,Germany
34259,TSV Wankendorf,Wankendorf,Germany
34260,SV Grün-Weiß Siebenbäumen,GW Siebenbäumen,Germany
34261,ATSV Stockelsdorf,Stockelsdorf,Germany
34262,SV Blau-Weiß Löwenstedt,Blau-Weiß Löwenstedt,Germany
34263,TSV Pansdorf,Pansdorf,Germany
34264,FC Reher/Puls,Reher/Puls,Germany
34265,TSV Vatanspor,Vatanspor,Germany
34269,DJK VfL Billerbeck,Billerbeck,Germany
34270,FFC Gera,Gera,Germany
34271,FSV Lokomotive Dresden,Lokomotive Dresden,Germany
34272,SV Hegnach 1947,Hegnach,Germany
34273,TSG Neu-Isenburg,Neu-Isenburg,Germany
34274,FSV Babelsberg 74,Babelsberg,Germany
34275,SFC Stern 1900,Stern,Germany
34289,TSV Victoria Clarholz 2015,Victoria Clarholz,Germany
34312,SV Sandhausen II,Sandhausen II,Germany
34410,SC 1910 Käfertal Mannheim,SC Käfertal,Germany
34411,TSV Eppendorf-Groß-Borstel 1908,Eppendorf-Groß-Borstel,Germany
34637,TSV 1895 Michelfeld,Michelfeld,Germany
34638,TSV Oberwittstadt,Oberwittstadt,Germany
34639,FC Victoria Bammental,Victoria Bammental,Germany
34640,FSV Buckenberg,Buckenberg,Germany
34669,ESC Geestemünde,Geestemünde,Germany
34670,Bremer TS Neustadt,BTS Neustadt,Germany
34679,SSV Langenaubach,SSV Langenaubach,Germany
34680,SG Oberliederbach,SG Oberliederbach,Germany
34681,TSV Korbach,TSV Korbach,Germany
34690,SSV Ehingen-Süd,Ehingen-Süd,Germany
34691,1.FC Heiningen,Heiningen,Germany
34692,SC 04 Tuttlingen,Tuttlingen,Germany
34693,SG Kisslegg,Kisslegg,Germany
34694,TSG Backnang,Backnang,Germany
34695,TSV Essingen,Essingen,Germany
34714,SV Kirchzarten,Kirchzarten,Germany
34715,SV 08 Laufenburg,Laufenburg,Germany
34716,FV Tennenbronn,Tennenbronn,Germany
34717,FSV Altdorf,Altdorf,Germany
34718,SV Bühlertal,Bühlertal,Germany
34719,1. FC Rielasingen-Arlen,Rielasingen-Arlen,Germany
34727,SpVgg 1906 Haidhausen,Haidhausen,Germany
34728,FC 1920 Gundelfingen,Gundelfingen,Germany
34740,FC Borntal Erfurt,Borntal Erfurt,Germany
34835,FSV Zwickau Under 19,Zwickau U19,Germany
34836,SV Wehen Wiesbaden Under 19,Wehen Wiesbaden U19,Germany
34837,BSC Oppau 1914,Oppau 1914,Germany
34957,SG SV 08 Steinach,SV 08 Steinach,Germany
34958,FC Union Mühlhausen,Union Mühlhausen,Germany
34959,SG FC Erfurt Nord,Erfurt Nord,Germany
34960,SV Jena-Zwätzen,Jena-Zwätzen,Germany
34961,SG Glücksbrunn Schweina,SGG Schweina,Germany
34975,SV Frankonia Wernsdorf,Frankonia Wernsdorf,Germany
34976,FSV Bernau,FSV Bernau,Germany
34977,TSG Einheit Bernau,Einheit Bernau,Germany
34978,Breesener SV Guben Nord,Breesener SV,Germany
34991,Doberaner FC,Doberaner,Germany
34992,TSV Bützow,Bützow,Germany
34993,Güstrower SC 09,Güstrower,Germany
34994,FC Pommern Stralsund,Pommern Stralsund,Germany
34995,Bölkower SV,Bölkower,Germany
35005,SV Einheit Kamenz,Einheit Kamenz,Germany
35006,SV Rot-Weiß Bad Muskau,Rot-Weiß Bad Muskau,Germany
35007,FC 1910 Lößnitz,FC 1910 Lößnitz,Germany
35008,Kickers 94 Markkleeberg,Kickers 94 Markkleeberg,Germany
35009,SG Taucha 99,SG Taucha 99,Germany
35017,VFB 1920 Linz e.V.,VFB Linz,Germany
35018,FC Cosmos Koblenz,Cosmos Koblenz,Germany
35019,SG HWW Niederroßbach e.V.,Niederroßbach,Germany
35020,TuS Kirchberg 1909 e.V.,TuS Kirchberg,Germany
35021,SG Neumagen-Dhron,Neumagen-Dhron,Germany
35042,FC Bitburg 1919 e.V.,FC Bitburg,Germany
35043,FC Grimma,FC Grimma,Germany
35080,FSV 1946 Saulheim e.V,FSV Saulheim,Germany
35081,SV Herschberg e.V. 1908,SV Herschberg,Germany
35082,FC Fehrbach 1923 e.V.,FC Fehrbach,Germany
35083,TuS Rüssingen,TuS Rüssingen,Germany
35084,FSV Offenbach,FSV Offenbach,Germany
35085,SG Meisenheim Desloch-Jeckenbach,SG Meisenheim,Germany
35090,SV Fortuna Magdeburg,Fortuna Magdeburg,Germany
35091,VfB IMO Merseburg,VfB IMO Merseburg,Germany
35092,SV Eintracht Salzwedel 09,Eintracht Salzwedel,Germany
35093,BSV Halle-Ammendorf,Halle-Ammendorf,Germany
35094,SV Blau-Weiß Zorbau,Blau-Weiß Zorbau,Germany
35095,SV Spexard,Spexard,Germany
35096,YEG Hassel,YEG Hassel,Germany
35097,SpVg Brakel,Brakel,Germany
35098,TBV Lemgo,TBV Lemgo,Germany
35099,FC Wetter 10/30,FC Wetter,Germany
35100,FSV Werdohl,FSV Werdohl,Germany
35120,Düsseldorfer Sport-Club 1899 e.V.,Düsseldorfer SC,Germany
35121,Spvgg. Sterkrade-Nord,Sterkrade-Nord,Germany
35122,FC Remscheid,FC Remscheid,Germany
35243,MSV Hamburg,MSV Hamburg,Germany
35244,TSV Neuland,Neuland,Germany
35245,TuS Finkenwerder,Finkenwerder,Germany
35249,1. FC Spich 1911,Spich,Germany
35250,FC Union Schafhausen,Union Schafhausen,Germany
35252,FC Roetgen,Roetgen,Germany
35253,BC Viktoria 1915 Glesch/Paffendorf,BCV Glesch/Paffendorf,Germany
35254,SV Deutz 05,Deutz,Germany
35255,Germania Eicherscheid,Germania Eicherscheid,Germany
35269,FV Lebach FC,FV Lebach,Germany
35270,FV Eppelborn FC,FV Eppelborn,Germany
35272,FC Brotdorf e.V.,Brotdorf,Germany
35273,SV Illingen,Illingen,Germany
35274,FSG 08 Bous,Bous,Germany
35275,1. FC Lautenbach,Lautenbach,Germany
35276,SG Perl/​Besch FC,SG Perl/​Besch,Germany
35647,SV Sparta Lichtenberg,Sparta Lichtenberg,Germany
35648,TUS Makkabi,Makkabi,Germany
35649,DJK Schwarz-Weiss Neukölln,Schwarz-Weiß Neukölln,Germany
35650,FC Stern Marienfelde,Stern Marienfelde,Germany
35651,Mariendorfer SV,Mariendorfer SV,Germany
35652,FC Spandau 06,Spandau,Germany
36308,VfL Holsen,Holsen,Germany
36318,TSG Harsewinkel,Harsewinkel,Germany
36335,Stadtauswahl Delmenhorst,Delmenhorst XI,Germany
36346,Begatal Auswahl,Begatal XI,Germany
36407,TSV Kornburg,Kornburg,Germany
36408,SC March,March,Germany
36412,Sportfreunde Schwäbisch Hall FC,Schwäbisch Hall,Germany
36419,Germania Walsrode,Walsrode,Germany
36420,TSV Barsinghausen,Barsinghausen,Germany
36421,TuS Mingolsheim,Mingolsheim,Germany
36423,HFC Colditz,Colditz,Germany
36465,SV Stützengrün-Hundshübel,Stützengrün-Hundshübe,Germany
36471,LFC Laer 06,Laer,Germany
36484,SV Bielen,Bielen,Germany
36485,BSC Blasheim,Blasheim,Germany
36487,ASV Veitsbronn-Siegelsdorf,Veitsbronn-Siegelsdorf,Germany
36488,SV Breberen,Breberen,Germany
36494,FC Würzburger Kickers II,Würzburger Kickers II,Germany
36495,SV Grün-Weiß Gospenroda,Grün-Weiß Gospenroda,Germany
36496,ZLSG Wormstedt,Wormstedt,Germany
36497,SV Marienloh,Marienloh,Germany
36498,SV 08 Rothenstein,Rothenstein,Germany
36502,SV Eintracht Camburg,Eintracht Camburg,Germany
36506,KF Kosova,Kosova,Germany
36510,SV 90 Großenehrich,Großenehrich,Germany
36511,SV EK Veilsdorf,Veilsdorf,Germany
36512,VfL Rheingold Poll,Rheingold Poll,Germany
36543,FSV Meuselwitz,FSV Meuselwitz,Germany
36547,SpVgg Oelde,Oelde,Germany
36548,SG Kaarst,Kaarst,Germany
36549,SpVgg 07 Mannheim,SpVgg Mannheim,Germany
36550,SV Eintracht Osnabrück,Eintracht Osnabrück,Germany
36609,SpVgg Ketsch,Ketsch,Germany
36633,VfB Artern,Artern,Germany
36643,Potzlower SV,Potzlower SV,Germany
36658,SC Olympia Lorsch,Olympia Lorsch,Germany
36674,SV Herbede,Herbede,Germany
36675,BSV Holzhausen,Holzhausen,Germany
36704,RWO Alzey,Alzey,Germany
36717,HSC Hannover,HSC Hannover,Germany
36718,TUS Bersenbrück,Bersenbrück,Germany
36734,FV Biebrich 02,Biebrich,Germany
36748,FC Preussen Espelkamp,Preussen Espelkamp,Germany
36784,TSV von 1860 e. V. Travemünde,TSV Travemünde,Germany
36785,TSV Lägerdorf,TSV Lägerdorf,Germany
36812,Select XI Neuruppin,Neuruppin XI,Germany
36818,FC St. Pauli von 1910,St. Pauli,Germany
36819,VfL Jesteburg,Jesteburg,Germany
36820,Borussia VfL Mönchengladbach II,Borussia M''gladbach II,Germany
36821,FC Brünninghausen,Brünninghausen,Germany
36926,Viktoria Kelsterbach,Viktoria Kelsterbach,Germany
36971,DSC Wanne Eickel,Wanne Eickel,Germany
36974,SC Weyhe,Weyhe,Germany
36975,TSV 1869 Sundhausen,Sundhausen,Germany
36976,SV Alberweiler,Alberweiler,Germany
36977,Sportfreunde Ippendorf,Sportfreunde Ippendorf,Germany
37011,VfL Rheinbach,Rheinbach,Germany
37021,TSG Concordia Schönkirchen,Concordia Schönkirchen,Germany
37028,SV 1912 Morlautern,Morlautern,Germany
37029,JFV Nordwest Under 19,Nordwest U19,Germany
37030,FC Astoria Walldorf II,Astoria Walldorf II,Germany
37031,1. Göppinger SV,Göppinger SV,Germany
37040,TSG Balingen Under 19,Balingen U19,Germany
37071,FSV Hessen Wetzlar II,Hessen Wetzlar II,Germany
37072,FV Fortuna Heddesheim,Fortuna Heddesheim,Germany
37077,TuS Sulingen,Sulingen,Germany
37078,MTV Treubund Lüneburg,Treubund Lüneburg,Germany
37131,FC Speyer 09,Speyer,Germany
37144,FC Hammerau,Hammerau,Germany
37222,VfL Benrath,Benrath,Germany
37311,TSV Amicitia Viernheim,Amicitia Viernheim,Germany
37324,SG Heidelberg-Kirchheim,HD-Kirchheim,Germany
37325,SpVgg Neunkirchen,SV Neunkirchen,Germany
37326,TSV Obergimpern,TSV Obergimpern,Germany
37327,VfB Eppingen,VfB Eppingen,Germany
37328,FV 09 Niefern,FV 09 Niefern,Germany
37329,FV Neuthard,FV Neuthard,Germany
37571,SV Mering,Mering,Germany
37572,SpVgg Erlangen,SpVgg Erlangen,Germany
37573,DJK Schwebenried / Schwemmelsbach,Schwebenried / Schwemm.,Germany
37574,TV Aiglsbach,Aiglsbach,Germany
37575,FC Sturm Hauzenberg,Sturm Hauzenberg,Germany
37576,FC Germania Rothenbergen,Germania Rothenbergen,Germany
37577,SV Au-Wittnau,Au-Wittnau,Germany
37578,Hegauer FV,Hegauer FV,Germany
37579,SC Markdorf,Markdorf,Germany
37580,FC FC Teutonia 09 Schonach,Schonach,Germany
37581,FV Herbolzheim,Herbolzheim,Germany
37758,FV Blau-Weiß 90 Briesen/Mark,Blau-Weiß Briesen/Mark,Germany
37759,FSV Dynamo Eisenhüttenstadt,Dynamo Eisenhüttenstadt,Germany
37760,SpVgg. Blau-Weiß 90 Vetschau,Blau-Weiß Vetschau,Germany
37761,FSV Glückauf Brieske/​Senftenberg,Glückauf,Germany
37779,DJK SV Phönix Schifferstadt,Phönix Schifferstadt,Germany
37780,SV 1919 Mackenbach,SV Mackenbach,Germany
37781,VfR 1976 Kandel,VfR Kandel,Germany
37782,SC Leinefelde 1912,Leinefelde,Germany
37783,FSV Hirschberg/Saale,Hirschberg/Saale,Germany
37784,Hainaer SV,Hainaer SV,Germany
37785,RSV Fortuna Kaltennordheim,Fortuna Kaltennordheim,Germany
37786,FSV Sömmerda,FSV Sömmerda,Germany
37787,FSV 06 Eintracht Hildburghausen,Eintracht Hildburghausen,Germany
37792,Rather SV,Rather SV,Germany
37811,SV Oberland Spree,Oberland Spree,Germany
37812,ESV Lok Zwickau,Lok Zwickau,Germany
37813,VfK Blau-Weiß Leipzig 1892,Blau-Weiß Leipzig,Germany
37814,VfB Empor Glauchau,Empor Glauchau,Germany
37815,SV 1890 Westerhausen,Westerhausen,Germany
37816,SV Medizin Uchtspringe,Medizin Uchtspringe,Germany
37817,CFC Germania 03 Köthen,Germania 03 Köthen,Germany
37827,SV Essen-Burgaltendorf 1913,SV Burgaltendorf,Germany
37828,VFL Repelen 08,VFL Repelen,Germany
37829,SC Union Nettetal 1996,Union Nettetal,Germany
37830,FSV Trier-Tarforst,FSV Trier-Tarforst,Germany
37831,SC Vallendar,SC Vallendar,Germany
37832,SGN Müschenbach,SG Müschenbach,Germany
37847,Wittenauer SC Concordia,Wittenauer SC Concordia,Germany
37858,SuS 1920 Bad Westernkotten,Bad Westernkotten,Germany
37859,Westfalia Kinderhaus 1920,Westfalia Kinderhaus,Germany
37860,FC Lennestadt,Lennestadt,Germany
37864,TSG Öhringen,Öhringen,Germany
37865,SV 03 Tübingen,Tübingen,Germany
37866,FSV Blau-Weiß Greifswald,Blau-Weiß Greifswald,Germany
37867,FSV Kühlungsborn,FSV Kühlungsborn,Germany
37868,SG Aufbau Boizenburg,Aufbau Boizenburg,Germany
37869,FSV Einheit 49 Ueckermünde,Einheit Ueckermünde,Germany
37870,Gnoiener SV,Gnoiener SV,Germany
37882,Frohnauer SC,Frohnauer,Germany
37883,SK Türkyurt 1989,Türkyurt,Germany
37942,TuS Mechernich 1897 eV,TuS Mechernich,Germany
37943,VfL Vichttal,VfL Vichttal,Germany
37944,FV Bad Honnef,Bad Honnef,Germany
37976,Wandsbeker TSV Concordia,Concordia,Germany
37977,Hamm United FC,Hamm United,Germany
37978,FC Neuenfelde,Neuenfelde,Germany
37979,SV Eidelstedt,Eidelstedt,Germany
38055,SpVgg Quierschied,Quierschied,Germany
38056,SV Losheim,Losheim,Germany
38057,TuS Herrensohr Saarbrücken,Herrensohr,Germany
38058,VfL Primstal Nonnweiler,Primstal,Germany
38059,Türkischer SC Neunkirchen,TSC Neunkirchen,Germany
38070,SV Empor Berlin,Empor Berlin,Germany
38071,BSV Al-Dersimspor,Dersimspor Berlin,Germany
38072,TSV Mariendorf 1897 Berlin,TSV Mariendorf,Germany
38073,SD Croatia Berlin,Croatia Berlin,Germany
38074,Spandauer Kickers,Spandauer Kickers,Germany
38233,SV 90 Görmin,Görmin,Germany
38236,1. FSV Mainz 05 Under 23,Mainz 05 U23,Germany
38243,TUS Viktoria Buchholz 06,Viktoria Buchholz,Germany
38297,BSC Hastedt,Hastedt,Germany
38298,SFL Bremerhaven,SFL Bremerhaven,Germany
38302,SV Grün-Weiß Lübben,Grün-Weiß Lübben,Germany
38323,TSV Kastl,Kastl,Germany
38325,TSV Blaustein,Blaustein,Germany
38326,FC Stahl Brandenburg,Stahl Brandenburg,Germany
38672,Eintracht Frankfurt Under 17,Eintracht Frankfurt U17,Germany
38813,FV Gröditz 1911,Gröditz,Germany
38947,Oranienburger FC Eintracht,Oranienburger,Germany
38948,VfR Kaiserslautern,VfR Kaiserslautern,Germany
38949,Friedrichshagener SV 1912,Friedrichshagener,Germany
38951,AC Milan Heidenheim,Milan Heidenheim,Germany
38952,SV Großkuchen,Großkuchen,Germany
38953,TSV Seissen,TSV Seissen,Germany
38954,DJK-SG Schwabsberg-Buch,Schwabsberg-Buch,Germany
38955,SV Eintracht Staufen,Eintracht Staufen,Germany
38956,SC 04 Schwabach,Schwabach,Germany
38959,FSV Treuen,FSV Treuen,Germany
38960,SV Saxonia Bernsbach,Saxonia Bernsbach,Germany
38961,SV Ringschnait,SV Ringschnait,Germany
38967,BW Grümerbaum,Grümerbaum,Germany
38968,TuS Querenburg,Querenburg,Germany
38979,1. FC Köln Under 21,Köln U21,Germany
39005,DJK SV Mauritz 1906,Mauritz,Germany
39006,SC Reckenfeld,Reckenfeld,Germany
39008,BV Borussia 09 Dortmund Under 23,Borussia Dortmund U23,Germany
39032,Ebersbrunner SV,Ebersbrunner SV,Germany
39033,SV Waldhausen,Waldhausen,Germany
39034,TSG Schnaitheim,Schnaitheim,Germany
39038,FSV 67 Halle,FSV 67 Halle,Germany
39078,TSG Abtsgmünd,TSG Abtsgmünd,Germany
39079,Spvg Hiddenhausen,Hiddenhausen,Germany
39086,BSG Chemie Kahla,Kahla,Germany
39109,FC Bayern Kickers 1907 Nürnberg,Bayern Kickers,Germany
39116,SV Preußen 09 Reinfeld,Preußen Reinfeld,Germany
39117,TuS Jevenstedt,Jevenstedt,Germany
39118,Inter Türkspor Kiel,Inter Türkspor Kiel,Germany
39119,PSV Neumünster,PSV Neumünster,Germany
39210,MTV Tellingstedt,Tellingstedt,Germany
39211,SV Barkas Frankenberg,Barkas Frankenberg,Germany
39212,VfR Voxtrup,Voxtrup,Germany
39213,Sportfreunde Lechtingen,SF Lechtingen,Germany
39216,TSV Krefeld-Bockum,Krefeld-Bockum,Germany
39232,1.FC Haßfurt,Haßfurt,Germany
39233,VfL Roßbach,Roßbach,Germany
39234,SG Spergau,Spergau,Germany
39236,SG Werratal,Werratal,Germany
39367,TSV Langewiesen,Langewiesen,Germany
39368,SG Modau,Modau,Germany
39427,SV Blau-Weiß Büssleben 04,Blau-Weiß Büssleben,Germany
39436,SV Lippstadt 08 Under 19,Lippstadt 08 U19,Germany
39437,SV Sandhausen Under 19,Sandhausen U19,Germany
39467,FC An der Fahner Höhe,An der Fahner Höhe,Germany
39477,SV Brukteria Dreierwalde,Brukteria Dreierwalde,Germany
39527,SV Viktoria 1913 Herxheim,Viktoria Herxheim,Germany
39562,MTV Eintracht Celle,Eintracht Celle,Germany
39583,SpVgg Greuther Fürth,Greuther Fürth,Germany
39584,SV Holzbach,Holzbach,Germany
39585,SpVg Berghofen,Berghofen,Germany
39586,SV Menden,Menden,Germany
39587,Bischofswerdaer FV 08,Bischofswerdaer FV,Germany
39588,Rasen Ballsport Leipzig,RB Leipzig,Germany
39589,Rostocker FC,Rostocker FC,Germany
39700,SV Heftrich,Heftrich,Germany
39738,1. FC Schweinfurt 1905 II,Schweinfurt II,Germany
39739,DJK Gebenbach,Gebenbach,Germany
39740,TSV Schwaben Augsburg,Schwaben Augsburg,Germany
39741,TuS Holzkirchen,Holzkirchen,Germany
39742,SB Chiemgau Traunstein,Chiemgau Traunstein,Germany
39743,Teutonia 05 Ottensen,Teutonia Hamburg,Germany
39744,Hamburger SV III,Hamburger SV III,Germany
39750,1. FC Monheim 1910,Monheim,Germany
39792,SV Walbeck,Walbeck,Germany
39793,Weimarer FFC,Weimarer FFC,Germany
39910,TSV Friedrichsberg-Busdorf,Friedrichsberg-Busdorf,Germany
39911,SC Weiche Flensburg 08 II,Weiche Flensburg II,Germany
39912,SV Atlas Delmenhorst,Atlas Delmenhorst,Germany
39931,TSG Neu-Isenburg,Neu-Isenburg,Germany
39932,FC Pesch,Pesch,Germany
39947,DJK Arminia Klosterhardt Under 19,Arminia Klosterhardt U19,Germany
39948,SC Paderborn 07 Under 19,Paderborn U19,Germany
39971,Walddörfer SV,Walddörfer SV,Germany
40010,SV Meppen II,Meppen II,Germany
40011,SV Henstedt-Ulzburg II,Henstedt-Ulzburg II,Germany
40142,1.FC Mühlhausen,Mühlhausen,Germany
40143,SG ASV/DJK Eppelheim,ASV/DJK Eppelheim,Germany
40144,FC Español Karlsruhe,Español Karlsruhe,Germany
40145,ATSV Mutschelbach,Mutschelbach,Germany
40146,FVgg Weingarten,Weingarten,Germany
40188,TSV Neckarbischofsheim,Neckarbischofsheim,Germany
40216,SV 08 Kuppenheim,Kuppenheim,Germany
40217,FC Auggen,Auggen,Germany
40218,SV Oberschopfheim,Oberschopfheim,Germany
40219,TSV Aach-Linz,Aach-Linz,Germany
40220,SC Lahr,SC Lahr,Germany
40344,Türkspor FK Berlin,Türkspor Berlin,Germany
40345,SV Schwarz-Gelb Bernburg,Schwarz-Gelb Bernburg,Germany
40346,FC Motor Zeulenroda,Motor Zeulenroda,Germany
40349,TSV Lichtenberg,TSV Lichtenberg,Germany
40435,SSV Gaisbach,Gaisbach,Germany
40436,VfL Sindelfingen,Sindelfingen,Germany
40437,TSV Heimenkirch,Heimenkirch,Germany
40438,FV Spfr Neuhausen,Neuhausen,Germany
40439,FSV 04 Viernau,Viernau,Germany
40440,FC Wacker 14 Teistungen,Wacker Teistungen,Germany
40441,FSV Grün-Weiß Stadtroda,Grün-Weiß Stadtroda,Germany
40442,DJK SG Struth 1921,Struth,Germany
40443,Herpfer SV 07,Herpf,Germany
40444,FC Saalfeld,Saalfeld,Germany
40445,SV Scherpenberg 1921,Scherpenberg,Germany
40446,FSV Duisburg 1989,FSV Duisburg,Germany
40447,VFB Frohnhausen 1912,Frohnhausen,Germany
40539,SC Willingen,Willingen,Germany
40541,SV Weidenhausen,Weidenhausen,Germany
40542,Türk Gücü Hanau FC,Türk Gücü Hanau,Germany
40543,1. FC Lichtenfels,Lichtenfels,Germany
40544,ASV Vach,Vach,Germany
40590,SpVgg Horsthausen,Horsthausen,Germany
40591,RSV Meinerzhagen,Meinerzhagen,Germany
40592,TuS Viktoria Rietberg,Viktoria Rietberg,Germany
40593,SV Wacker Obercastrop,Wacker Obercastrop,Germany
40655,SV Sirzenich,Sirzenich,Germany
40656,SG Schneifel-Stadtkyll,Schneifel-Stadtkyll,Germany
40657,FC Emmerichenhain,Emmerichenhain,Germany
40850,VfB Bodenheim 1909,Bodenheim,Germany
40851,TSV 1881 Gau-Odernheim,Gau-Odernheim,Germany
40852,VfR Baumholder,Baumholder,Germany
40881,SF Charlottenburg-Wilmersdorf,Charlott.-Wilmersdorf,Germany
40882,BSC Kickers 1900,BSC Kickers,Germany
40883,SG Weitefeld,Weitefeld,Germany
40893,Hamburg-Eimsbütteler BC,HEBC,Germany
40894,Hörnerkirchen,Hörnerkirchen,Germany
40922,Penkuner SV Rot-Weiß,Penkuner SV Rot-Weiß,Germany
40923,Penzliner SV,Penzliner SV,Germany
40924,SG Karlsburg-Züssow,Karlsburg-Züssow,Germany
40948,FSV Oderwitz 02,Oderwitz,Germany
40950,SV Olbernhau,Olbernhau,Germany
40951,SV Bannewitz,Bannewitz,Germany
40952,Radebeuler BC 08,Radebeuler BC,Germany
41006,Haldensleber SC,Haldensleber,Germany
41007,SV Edelweiß Arnstedt,Edelweiß Arnstedt,Germany
41008,SV Union Heyrothsberge,Union Heyrothsberge,Germany
41009,SC Naumburg,Naumburg,Germany
41010,MSV Börde 1949,Börde,Germany
41187,TuS Marialinden 1946,Marialinden,Germany
41188,SV Bergheim 1937,SV Bergheim,Germany
41189,Spvg. Frechen 20,Frechen,Germany
41190,FV Bonn-Endenich 08,Bonn-Endenich,Germany
41191,SV 1920 Schönenbach,Schönenbach,Germany
41192,FC Germania Teveren,Germania Teveren,Germany
41382,TuS Marienborn,TuS Marienborn,Germany
41429,FC Noswendel Wadern,Noswendel Wadern,Germany
41430,FV Bischmisheim,FV Bischmisheim,Germany
41431,DJK Ballweiler-Wecklingen,Ballweiler-Wecklingen,Germany
41432,1. FC Riegelsberg,Riegelsberg,Germany
